tmdb_id,title,original_title,release_date,popularity,vote_average,vote_count
1084242,Zootopia 2,Zootopia 2,2025-11-26,601.095,7.633,214
1033462,Bureau 749,749局,2024-10-01,342.5964,5.814,44
1419406,The Shadow's Edge,捕风追影,2025-08-16,356.7852,6.332,128
1309012,Altered,Altered,2025-09-18,309.8589,6.395,43
1363123,The Family Plan 2,The Family Plan 2,2025-11-11,241.8397,6.734,258
1448560,Wildcat,Wildcat,2025-11-19,267.6062,6.4,19
967941,Wicked: For Good,Wicked: For Good,2025-11-19,213.196,6.777,343
1196573,She Rides Shotgun,She Rides Shotgun,2025-07-31,217.8869,7.1,101
949709,High Forces,危机航线,2024-09-29,253.9636,6.1,22
1246049,Dracula,Dracula,2025-07-30,228.787,7.036,478
1062722,Frankenstein,Frankenstein,2025-10-17,189.4329,7.773,1988
1469354,Border Hunters,Border Hunters,2025-10-20,208.104,8.8,5
1208561,Art of Eight Limbs,Art of Eight Limbs,2024-08-16,168.087,6.293,29
1242898,Predator: Badlands,Predator: Badlands,2025-11-05,200.6658,7.4,502
755898,War of the Worlds,War of the Worlds,2025-07-29,174.7252,4.3,759
1433719,High Ground,High Ground,2025-03-17,137.8973,6.0,33
1116465,A Legend,传说,2024-07-05,144.6489,6.863,118
1539104,JUJUTSU KAISEN: Execution -Shibuya Incident x The Culling Game Begins-,劇場版 呪術廻戦「渋谷事変 特別編集版」×「死滅回游 先行上映」,2025-11-07,146.9856,4.526,39
701387,Bugonia,Bugonia,2025-10-23,140.7863,7.555,532
1054867,One Battle After Another,One Battle After Another,2025-09-23,136.917,7.492,1714
203101,High School of the Dead: Drifters of the Dead,学園黙示録 HIGHSCHOOL OF THE DEAD ドリフターズ・オブ・ザ・デッド,2011-04-25,126.5328,7.4,472
1311031,Demon Slayer: Kimetsu no Yaiba Infinity Castle,劇場版「鬼滅の刃」無限城編 第一章 猗窩座再来,2025-07-18,127.364,7.6,580
425274,Now You See Me: Now You Don't,Now You See Me: Now You Don't,2025-11-12,116.7132,6.337,292
269149,Zootopia,Zootopia,2016-02-11,131.3962,7.754,17147
1327862,Regretting You,Regretting You,2025-10-22,105.2029,7.076,112
1248226,Playdate,Playdate,2025-11-05,99.1178,6.177,335
803796,KPop Demon Hunters,KPop Demon Hunters,2025-06-20,94.9735,8.21,1965
1426968,The Gentleman,Ya no quedan junglas,2025-09-26,82.2266,6.906,16
1197137,Black Phone 2,Black Phone 2,2025-10-15,89.54,6.869,626
1130276,Succubus,Succubus,2024-10-06,110.9879,8.952,196
1218925,Chainsaw Man - The Movie: Reze Arc,チェンソーマン レゼ篇,2025-09-19,85.0637,7.846,224
1244531,Beast of War,Beast of War,2025-09-18,72.6649,6.4,48
1481331,Nahual,Nahual,2025-02-06,70.7413,3.2,8
1128650,The Prosecutor,誤判,2024-12-08,71.2383,6.758,152
1026821,The Storm,大雨,2024-01-12,70.1814,6.0,14
1084222,Operation Blood Hunt,Operation Blood Hunt,2024-12-12,69.6498,6.724,49
1522377,Two Worlds One Wish,İki Dünya Bir Dilek,2025-11-24,72.171,7.917,12
1237082,31 Minutes: One Hot Christmas,31 Minutos: Calurosa Navidad,2025-11-19,66.7272,7.435,23
1241983,Train Dreams,Train Dreams,2025-11-05,57.6475,7.342,171
402431,Wicked,Wicked,2024-11-20,65.0134,6.9,2628
617126,The Fantastic 4: First Steps,The Fantastic 4: First Steps,2025-07-23,64.5999,7.035,2529
1218762,Jingle Bell Heist,Jingle Bell Heist,2025-11-25,67.4856,5.94,50
1296504,Stand Your Ground,Stand Your Ground,2025-05-09,60.266,4.614,57
1038392,The Conjuring: Last Rites,The Conjuring: Last Rites,2025-09-03,62.7725,6.975,1389
1468417,First Moon,First Moon,2025-05-06,64.2431,4.082,49
1280518,Laberinto de sombras,Laberinto de sombras,2024-05-10,59.1992,5.0,3
937941,Shelby Oaks,Shelby Oaks,2025-10-02,57.001,5.707,99
1377505,Spithood,Spithood,2024-10-25,65.4076,5.2,14
575265,Mission: Impossible - The Final Reckoning,Mission: Impossible - The Final Reckoning,2025-05-17,60.476,7.259,2127
1223601,Sisu: Road to Revenge,Sisu 2,2025-10-21,56.7187,7.5,30
7451,xXx,xXx,2002-08-09,57.9247,6.0,4675
1429520,Sidelined 2: Intercepted,Sidelined 2: Intercepted,2025-11-27,51.1774,8.0,2
1550797,Prep & Landing: The Snowball Protocol,Prep & Landing: The Snowball Protocol,2025-11-27,65.0503,8.0,6
1013495,Late Winter,Invierno tardío,2022-08-18,23.6673,2.0,1
764523,The Visitor,El visitante,2022-06-11,23.1975,4.0,4
1242419,Roofman,Roofman,2025-10-08,52.0401,7.244,234
1299655,Blue Moon,Blue Moon,2025-10-17,49.7618,6.965,43
1320414,The Witness,The Witness,2025-04-04,53.2527,7.667,15
1161617,Code 3,Code 3,2025-09-12,49.2361,6.7,130
1061474,Superman,Superman,2025-07-09,48.5444,7.4,3900
1234821,Jurassic World Rebirth,Jurassic World Rebirth,2025-07-01,50.1072,6.4,2550
24428,The Avengers,The Avengers,2012-04-25,46.5326,7.863,34197
798645,The Running Man,The Running Man,2025-11-11,44.4619,6.8,230
83533,Avatar: Fire and Ash,Avatar: Fire and Ash,2025-12-17,46.2218,0.0,0
1010581,My Fault,Culpa mía,2023-06-08,45.7184,7.766,3929
1511789,Captain Hook: The Cursed Tides,Captain Hook: The Cursed Tides,2025-07-11,47.6163,5.05,40
1021591,Desconocido,Desconocido,2022-10-13,20.545,0.0,0
1214140,Monster Island,Orang Ikan,2025-05-08,46.0248,5.805,77
793387,Holy Night: Demon Hunters,거룩한 밤: 데몬 헌터스,2025-04-30,44.1256,6.721,70
911430,F1,F1,2025-06-25,43.346,7.808,2663
1429738,Tee Yai: Born to Be Bad,ตี๋ใหญ่ ฤกษ์ดาวโจร,2025-11-12,39.603,4.987,38
957119,Sidelined: The QB and Me,Sidelined: The QB and Me,2025-02-06,44.3705,6.095,105
1156594,Our Fault,Culpa nuestra,2025-10-15,39.8495,7.478,533
1025527,Abyss,Six jours,2024-12-11,40.9417,5.951,81
81467,Laura's Toys,Laura's Toys,1975-01-01,43.6486,4.824,17
1175942,The Bad Guys 2,The Bad Guys 2,2025-07-24,40.9262,7.8,539
1087192,How to Train Your Dragon,How to Train Your Dragon,2025-06-06,40.0914,8.0,2215
1125122,Nélida,Nélida,2023-04-16,18.0464,2.0,1
1214130,Stitch Head,Stitch Head,2025-10-16,38.2685,7.1,15
157336,Interstellar,Interstellar,2014-11-05,39.9652,8.463,38317
639988,No Other Choice,어쩔수가없다,2025-09-24,37.771,7.844,64
1265063,After the Hunt,After the Hunt,2025-10-09,32.1913,5.9,244
278,The Shawshank Redemption,The Shawshank Redemption,1994-09-23,36.7594,8.713,29288
1134278,Pacific Fear,Maraé,2024-07-11,37.1316,4.486,35
224526,Deceptions,Deceptions,1990-09-29,21.3139,4.4,10
1215106,Ko Ga Loak Village,หมู่บ้านโคกะโหลก,2025-11-06,34.5971,3.8,5
1029575,The Family Plan,The Family Plan,2023-12-14,34.4787,7.247,1693
1572087,Girls,Girls,1919-06-29,17.9029,0.0,0
1280450,Stolen Girl,Stolen Girl,2025-09-04,36.03,6.517,89
549319,Christmas Everlasting,Christmas Everlasting,2018-11-24,60.4105,5.8,30
1403735,Laila,లైలా,2025-02-14,36.3831,5.2,6
812583,Wake Up Dead Man: A Knives Out Mystery,Wake Up Dead Man: A Knives Out Mystery,2025-11-26,36.2652,7.8,19
1007734,Nobody 2,Nobody 2,2025-08-13,36.6555,7.06,1012
106,Predator,Predator,1987-06-12,37.3079,7.541,8669
1266990,Kulong,Kulong,2024-05-24,34.392,6.0,7
1284120,The Ugly Stepsister,Den stygge stesøsteren,2025-03-07,34.3754,7.344,710
62201,Shahenshah,शहँशाह,1988-01-29,34.288,6.2,23
1142101,ClearMind,ClearMind,2024-02-03,34.1564,5.167,27
1316147,Grand Prix of Europe,Grand Prix of Europe,2025-07-24,33.0287,7.3,21
12662,Psycho III,Psycho III,1986-04-02,19.4137,5.6,408
90187,La Orca,La orca,1976-06-01,21.8945,5.2,26
1305717,Hunting Grounds,Hunting Grounds,2025-05-16,34.4037,6.677,62
1035259,The Naked Gun,The Naked Gun,2025-07-30,34.4069,6.504,1123
861451,Martin,Martin,2024-10-11,33.2634,4.058,26
1257009,Primitive War,Primitive War,2025-08-21,34.8405,6.802,174
632318,Alelí,Alelí,2019-10-02,15.3112,6.8,14
533533,TRON: Ares,TRON: Ares,2025-10-08,32.2135,6.313,422
552524,Lilo & Stitch,Lilo & Stitch,2025-05-17,30.8817,7.2,1849
1010756,The Strangers: Chapter 2,The Strangers: Chapter 2,2025-09-25,32.9466,6.075,147
980477,Ne Zha 2,哪吒之魔童闹海,2025-01-29,29.97,8.0,465
8871,How the Grinch Stole Christmas,How the Grinch Stole Christmas,2000-11-17,32.797,6.778,7950
474350,It Chapter Two,It Chapter Two,2019-09-04,30.4635,6.838,9261
1022787,Elio,Elio,2025-06-18,33.3958,6.977,683
1022789,Inside Out 2,Inside Out 2,2024-06-11,31.0788,7.551,6274
518749,The Snatch Thief,El motoarrebatador,2018-06-07,17.0932,6.464,14
1583907,Zootopia: Better Zoogether,Zootopia: Better Zoogether,2025-11-07,37.4684,0.0,0
541671,Ballerina,Ballerina,2025-06-04,29.8704,7.32,2006
597,Titanic,Titanic,1997-11-18,30.0091,7.903,26508
507244,Afterburn,Afterburn,2025-08-20,33.7501,6.867,124
1117857,In Your Dreams,In Your Dreams,2025-11-07,29.3805,7.117,107
1214931,Nuremberg,Nuremberg,2025-11-06,30.9903,7.303,33
950387,A Minecraft Movie,A Minecraft Movie,2025-03-31,29.2346,6.348,2532
372058,Your Name.,君の名は。,2016-08-26,29.1082,8.479,12124
76600,Avatar: The Way of Water,Avatar: The Way of Water,2022-12-14,29.8945,7.6,13092
133382,Lackawanna Blues,Lackawanna Blues,2005-02-12,18.1675,5.732,28
1096563,End of Loyalty,End of Loyalty,2023-03-07,27.9124,5.4,7
1291040,Mrs. Christmas,Natale senza Babbo,2025-11-26,29.8574,6.5,2
1219158,Lover,லவ்வர்,2024-02-07,29.3106,7.286,14
604079,The Long Walk,The Long Walk,2025-09-10,30.6446,6.944,838
1396371,Les irresponsables,Les irresponsables,2025-07-24,26.6148,5.0,3
1149535,Isaac Littlefeathers,Isaac Littlefeathers,1984-12-07,36.5677,0.0,0
1210732,How to Make a Killing,Un ours dans le Jura,2025-01-01,22.9596,6.461,217
10483,Death Race,Death Race,2008-08-22,19.3958,6.289,3984
1186350,Marco,മാർക്കോ,2024-12-20,28.0345,6.597,88
417575,Postponed,Postponed,2016-08-29,12.8651,5.0,2
1280282,Gabby's Dollhouse: The Movie,Gabby's Dollhouse: The Movie,2025-09-13,26.2109,6.686,43
455240,Nerve,Nerve,2011-12-07,40.9389,6.9,6
346364,It,It,2017-09-06,27.1301,7.238,19834
1229910,Kryptic,Kryptic,2025-06-09,28.95,5.0,21
1053987,Witchy Ways,Witchy Ways,2024-09-13,32.282,8.0,1
1241982,Moana 2,Moana 2,2024-11-21,26.9665,7.026,2804
489607,Red Shirley,Red Shirley,2010-04-20,26.8918,0.0,0
77250,The Hurricane,The Hurricane,1937-11-09,26.7885,6.7,48
1132959,Bunker Hill,Bunker Hill,2009-11-27,26.7611,0.0,0
1323475,Champagne Problems,Champagne Problems,2025-11-18,26.7417,6.11,82
1078605,Weapons,Weapons,2025-08-04,26.6576,7.3,2429
671,Harry Potter and the Philosopher's Stone,Harry Potter and the Philosopher's Stone,2001-11-16,26.6378,7.9,28847
1009640,Valiant One,Valiant One,2025-01-30,26.5669,6.841,82
155,The Dark Knight,The Dark Knight,2008-07-16,26.5408,8.525,34761
535809,A Shoe Addict's Christmas,A Shoe Addict's Christmas,2018-11-25,26.3896,6.253,75
574475,Final Destination Bloodlines,Final Destination Bloodlines,2025-05-14,26.3053,7.107,2412
808972,Norma,Norma,2023-10-19,26.301,6.1,9
1072699,Inside Furioza,Druga Furioza,2025-10-14,26.2963,6.545,66
533535,Deadpool & Wolverine,Deadpool & Wolverine,2024-07-24,26.2636,7.57,7977
749170,Heads of State,Heads of State,2025-06-24,26.0967,6.864,858
1228246,Five Nights at Freddy's 2,Five Nights at Freddy's 2,2025-12-03,25.8341,10.0,2
36648,Blade: Trinity,Blade: Trinity,2004-12-08,25.8314,5.862,4149
19995,Avatar,Avatar,2009-12-15,25.7873,7.594,32852
21024,Roadie,Roadie,1980-06-13,25.681,5.8,27
1425122,A Very Jonas Christmas Movie,A Very Jonas Christmas Movie,2025-11-10,25.2855,6.533,61
1517874,November,Noviembre,2025-10-02,26.4727,0.0,0
772,Home Alone 2: Lost in New York,Home Alone 2: Lost in New York,1992-11-15,25.4588,6.769,10205
1287571,Agak Laen: Menyala Pantiku!,Agak Laen: Menyala Pantiku!,2025-11-27,29.2571,8.5,2
120,The Lord of the Rings: The Fellowship of the Ring,The Lord of the Rings: The Fellowship of the Ring,2001-12-18,24.2975,8.426,26649
338969,The Toxic Avenger Unrated,The Toxic Avenger Unrated,2025-08-28,31.4232,6.14,210
846369,Perfect Day,Perfect Day,2007-01-01,22.1698,0.0,0
941109,Play Dirty,Play Dirty,2025-09-30,28.8774,6.626,477
1580027,The Man Without a Face,The Man Without a Face,1928-01-15,22.4021,0.0,0
238,The Godfather,The Godfather,1972-03-14,25.4639,8.684,22108
950396,The Gorge,The Gorge,2025-02-13,23.7148,7.672,3189
27205,Inception,Inception,2010-07-15,25.5597,8.37,38282
674,Harry Potter and the Goblet of Fire,Harry Potter and the Goblet of Fire,2005-11-16,23.7002,7.8,21620
945906,Galathea,Galathea,1922-10-22,11.5609,0.0,0
66245,Arunachalam,அருணாச்சலம்,1997-04-10,24.6831,7.3,28
1376434,Predator: Killer of Killers,Predator: Killer of Killers,2025-06-05,24.4372,7.9,973
106646,The Wolf of Wall Street,The Wolf of Wall Street,2013-12-25,22.2673,8.027,25212
1125257,Freakier Friday,Freakier Friday,2025-08-06,24.7792,6.883,486
845781,Red One,Red One,2024-10-31,25.9488,7.0,2741
1580234,Akin Ang Gabi,Akin Ang Gabi,2025-11-21,23.9426,0.0,0
1003348,The Doctor Down Under,The Doctor Down Under,2004-12-01,12.6287,0.0,0
801945,Final Weapon,Final Weapon,,20.1993,0.0,0
1107216,Pets on a Train,Falcon Express,2025-07-02,25.8926,6.857,28
1119878,Ice Road: Vengeance,Ice Road: Vengeance,2025-06-27,25.0005,6.3,521
119592,Nightmare Weekend,Nightmare Weekend,1986-05-12,15.3445,3.4,36
1197306,A Working Man,A Working Man,2025-03-26,24.8724,6.706,1656
939243,Sonic the Hedgehog 3,Sonic the Hedgehog 3,2024-12-19,24.2448,7.6,3034
122,The Lord of the Rings: The Return of the King,The Lord of the Rings: The Return of the King,2003-12-17,23.4608,8.491,25703
75656,Now You See Me,Now You See Me,2013-05-29,22.4977,7.333,16242
1238379,The Best You Can,The Best You Can,2025-06-07,25.6116,6.75,6
1071585,M3GAN 2.0,M3GAN 2.0,2025-06-25,23.5696,7.4,997
1081208,The Dogs,The Dogs,2025-06-13,23.671,6.604,24
673,Harry Potter and the Prisoner of Azkaban,Harry Potter and the Prisoner of Azkaban,2004-05-31,21.9851,8.011,22577
507089,Five Nights at Freddy's,Five Nights at Freddy's,2023-10-25,25.0984,7.374,4635
1401052,Tenung,Tenung,2025-06-05,20.1624,6.3,5
1519168,The Jester 2,The Jester 2,2025-09-15,23.174,6.2,37
672,Harry Potter and the Chamber of Secrets,Harry Potter and the Chamber of Secrets,2002-11-13,23.2247,7.7,23012
145341,Colonel Kwiatkowski,Pułkownik Kwiatkowski,1996-05-10,21.3868,6.7,30
1241742,EKS,EKS,2024-03-01,23.2838,3.2,5
1233413,Sinners,Sinners,2025-04-16,21.879,7.5,2951
299536,Avengers: Infinity War,Avengers: Infinity War,2018-04-25,22.1394,8.236,31173
1144095,Road to Theobald,Camino a Theobald,,20.8106,0.0,0
1475189,Family Disaster,Desastre en familia,2025-09-25,25.8323,7.0,1
1267319,Mantis,사마귀,2025-09-26,22.9254,6.3,109
986056,Thunderbolts*,Thunderbolts*,2025-04-30,21.8725,7.311,2935
634649,Spider-Man: No Way Home,Spider-Man: No Way Home,2021-12-15,20.5808,7.937,21310
675,Harry Potter and the Order of the Phoenix,Harry Potter and the Order of the Phoenix,2007-07-08,21.2846,7.674,20312
502356,The Super Mario Bros. Movie,The Super Mario Bros. Movie,2023-04-05,21.2132,7.603,10095
1267905,The Roses,The Roses,2025-08-27,19.9484,6.752,365
808,Shrek,Shrek,2001-05-18,20.6675,7.754,18144
1401318,A Merry Little Ex-Mas,A Merry Little Ex-Mas,2025-11-12,21.0688,6.368,91
748881,Other special desires,Altri Desideri Particolari,1983-05-14,21.7315,5.0,5
760329,The Smashing Machine,The Smashing Machine,2025-10-01,20.0886,6.563,264
1208348,Rental Family,Rental Family,2025-11-20,20.4646,7.222,18
539972,Kraven the Hunter,Kraven the Hunter,2024-12-11,22.708,6.467,2104
482600,Japanese Mom,일본 엄마,2017-02-09,21.6744,6.6,62
1269173,Amityville A.I.,Amityville A.I.,2024-12-01,10.9941,0.0,0
496243,Parasite,기생충,2019-05-30,20.8237,8.5,19755
63319,Belle épine,Belle épine,2010-11-10,20.3726,5.446,56
277355,Everly,Everly,2015-02-26,12.4056,5.5,565
1011477,Karate Kid: Legends,Karate Kid: Legends,2025-05-08,20.2794,7.099,970
1086910,The Lost Princess,The Lost Princess,2025-10-16,21.049,6.225,40
150689,Cinderella,Cinderella,2015-03-06,19.4422,6.827,7255
1242501,Icefall,Icefall,2025-10-16,20.4726,7.134,41
1084199,Companion,Companion,2025-01-22,22.6695,7.044,1882
840326,Sisu,Sisu,2022-09-09,19.9107,7.403,2522
986206,Night Carnage,Night Carnage,2025-07-29,21.2536,5.8,60
1357886,Django Undisputed,Django Undisputed,2024-04-22,21.6488,6.0,11
519182,Despicable Me 4,Despicable Me 4,2024-06-20,20.5584,7.0,2981
550,Fight Club,Fight Club,1999-10-15,19.2752,8.438,31042
999075,Left-Handed Girl,左撇子女孩,2025-09-17,21.9466,7.647,34
360920,The Grinch,The Grinch,2018-11-08,19.5634,6.871,4277
488968,Sree Hari Hara Sudhan Swami Ayyappan,Sree Hari Hara Sudhan Swami Ayyappan,2017-04-17,18.5492,9.0,3
354912,Coco,Coco,2017-10-27,19.8709,8.201,20453
1151031,Bring Her Back,Bring Her Back,2025-05-28,20.5167,7.4,1205
933260,The Substance,The Substance,2024-09-07,20.7252,7.1,5385
13494,Red Sonja,Red Sonja,2025-07-31,20.1795,5.8,138
1245347,Twinless,Twinless,2025-09-04,21.6916,7.209,43
1290159,A House of Dynamite,A House of Dynamite,2025-10-02,23.3638,6.387,847
762509,Mufasa: The Lion King,Mufasa: The Lion King,2024-12-18,19.5605,7.348,2453
603,The Matrix,The Matrix,1999-03-31,18.5945,8.236,27043
1304434,Nobody,浪浪山小妖怪,2025-08-02,18.2027,7.529,34
912649,Venom: The Last Dance,Venom: The Last Dance,2024-10-22,19.7672,6.7,3868
1330421,Bone Lake,Bone Lake,2025-10-02,19.5634,6.079,71
8915,Amelia,Amelia,2009-10-22,13.2893,5.7,247
823219,Flow,Straume,2024-08-29,19.048,8.123,2460
13,Forrest Gump,Forrest Gump,1994-06-23,18.9576,8.463,28894
14400,The Heir Apparent: Largo Winch,Largo Winch,2008-12-17,13.7311,6.052,570
1269021,Wake,Wake,2024-05-23,19.4821,5.5,26
615457,Nobody,Nobody,2021-03-18,17.5858,7.899,7901
381553,Seven Devils,Seven Devils,2015-05-01,16.7981,3.0,4
361743,Top Gun: Maverick,Top Gun: Maverick,2022-05-21,17.5601,8.163,10371
1235746,Dead of Winter,Dead of Winter,2025-09-23,19.3129,6.5,92
109445,Frozen,Frozen,2013-11-20,19.9512,7.249,17181
291805,Now You See Me 2,Now You See Me 2,2016-06-02,15.7996,6.826,11200
10138,Iron Man 2,Iron Man 2,2010-04-28,17.566,6.848,21855
1328803,Prisoner of War,Prisoner of War,2025-09-19,19.9646,7.2,123
986097,HIM,HIM,2025-09-18,19.5663,5.852,236
1310672,Fuuto PI: The Portrait of Kamen Rider Skull,風都探偵 仮面ライダースカルの肖像,2024-11-08,19.0571,7.9,7
756999,The Black Phone,The Black Phone,2022-06-16,18.1604,7.548,5523
2062,Ratatouille,Ratatouille,2007-06-28,19.3527,7.833,17944
12444,Harry Potter and the Deathly Hallows: Part 1,Harry Potter and the Deathly Hallows: Part 1,2010-11-17,18.5854,7.739,19879
1339730,Cuando yo existía,Cuando yo existía,,8.9895,0.0,0
767,Harry Potter and the Half-Blood Prince,Harry Potter and the Half-Blood Prince,2009-07-15,19.5959,7.682,20279
425,Ice Age,Ice Age,2002-03-14,17.8232,7.367,13914
127139,Playtime,Playtime,1995-05-23,20.2329,2.9,8
1355666,Love Untangled,고백의 역사,2025-08-28,16.8917,8.429,133
1126166,Flight Risk,Flight Risk,2025-01-22,18.3468,5.989,1034
822119,Captain America: Brave New World,Captain America: Brave New World,2025-02-12,19.3458,6.007,2768
823464,Godzilla x Kong: The New Empire,Godzilla x Kong: The New Empire,2024-03-27,17.7991,7.1,4406
1404791,Dollhouse,ドールハウス,2025-06-13,16.1118,8.0,5
936108,Smurfs,Smurfs,2025-07-05,18.7776,5.925,219
1581099,Kevin Hart: Acting My Age,Kevin Hart: Acting My Age,2025-11-23,17.6834,6.556,9
1382406,Striking Rescue,惊天大营救,2024-12-05,18.7347,7.4,142
9470,Kung Fu Hustle,功夫,2004-02-10,13.1941,7.478,3025
411,"The Chronicles of Narnia: The Lion, the Witch and the Wardrobe","The Chronicles of Narnia: The Lion, the Witch and the Wardrobe",2005-12-07,18.8281,7.135,11168
1422096,Good Boy,Good Boy,2025-10-01,19.4962,6.8,299
862,Toy Story,Toy Story,1995-11-22,17.9031,7.971,19318
198663,The Maze Runner,The Maze Runner,2014-09-10,19.2563,7.192,17707
680,Pulp Fiction,Pulp Fiction,1994-09-10,17.3836,8.488,29320
14836,Coraline,Coraline,2009-02-05,17.0275,7.9,8662
615453,Ne Zha,哪吒之魔童降世,2019-07-26,17.677,7.9,728
438631,Dune,Dune,2021-09-15,21.7026,7.777,14152
1184918,The Wild Robot,The Wild Robot,2024-09-12,18.5981,8.317,5521
472744,The Gateway,The Gateway,2018-05-03,26.7094,5.528,53
1241634,Saiyaara,सैयारा,2025-07-18,18.7247,6.354,120
122783,Lovely,Lovely,2012-03-30,25.9009,5.8,7
1086260,The Astronaut,The Astronaut,2025-09-26,17.6303,5.837,86
48186,The Boy Who Cried Werewolf,The Boy Who Cried Werewolf,2010-10-22,13.1347,6.4,304
1160360,If I Had Legs I'd Kick You,If I Had Legs I'd Kick You,2025-10-10,17.7526,6.902,51
12445,Harry Potter and the Deathly Hallows: Part 2,Harry Potter and the Deathly Hallows: Part 2,2011-07-12,17.7904,8.084,21450
872585,Oppenheimer,Oppenheimer,2023-07-19,16.4022,8.0,11003
1496735,Genshin Impact: Star Odyssey,原神：尘间星旅,2025-06-12,17.9303,0.0,0
56379,Beach House,Casotto,1977-10-27,19.8502,6.369,71
8831,Timecop,Timecop,1994-09-15,22.4649,6.013,1249
766507,Prey,Prey,2022-08-02,17.2378,7.674,7370
569094,Spider-Man: Across the Spider-Verse,Spider-Man: Across the Spider-Verse,2023-05-31,18.1105,8.339,8054
1135303,The Senior,The Senior,2025-09-18,15.9338,6.2,15
1156593,Your Fault,Culpa tuya,2024-12-26,17.3495,7.134,1459
14160,Up,Up,2009-05-28,17.9923,7.96,21106
497,The Green Mile,The Green Mile,1999-12-10,17.4571,8.503,18576
637,Life Is Beautiful,La vita è bella,1997-12-20,17.889,8.44,13652
1285965,Dangerous Animals,Dangerous Animals,2025-06-05,18.2929,6.432,361
652,Troy,Troy,2004-05-13,17.5416,7.165,10712
121,The Lord of the Rings: The Two Towers,The Lord of the Rings: The Two Towers,2002-12-18,17.4149,8.411,23139
508422,Penguin Highway,ペンギン・ハイウェイ,2018-08-17,16.9151,7.1,242
385687,Fast X,Fast X,2023-05-17,17.4037,7.015,6116
579974,RRR,రౌద్రం రణం రుధిరం,2022-03-24,17.5091,7.7,1480
5255,The Polar Express,The Polar Express,2004-11-10,16.4453,6.722,6653
216015,Fifty Shades of Grey,Fifty Shades of Grey,2015-02-11,17.6649,5.879,12173
1470086,Ligaw,Ligaw,2025-05-09,15.9912,6.0,5
829557,365 Days: This Day,365 dni: Ten dzień,2022-04-26,17.6177,5.933,1785
240,The Godfather Part II,The Godfather Part II,1974-12-20,18.2049,8.57,13364
285,Pirates of the Caribbean: At World's End,Pirates of the Caribbean: At World's End,2007-05-19,17.5413,7.266,15051
14635,The Rookie,The Rookie,2002-03-25,10.584,6.815,476
146949,Marine Battleground,돌아오지 않는 해병,1963-04-11,17.2011,7.1,8
1319895,Hostile Takeover,Hostile Takeover,2025-08-08,17.0527,7.1,32
1561969,Baramulla,बारामूला,2025-11-06,17.819,5.542,24
1299209,The Son of a Thousand Men,O Filho de Mil Homens,2025-10-30,15.5619,7.286,21
1109086,War 2,वॉर 2,2025-08-13,16.9904,5.535,43
438695,Sing 2,Sing 2,2021-12-01,15.156,7.837,4657
98,Gladiator,Gladiator,2000-05-04,16.9094,8.221,20252
319691,An Advent Concert of Music by Bach,An Advent Concert of Music by Bach,2003-10-14,9.1274,0.0,0
58,Pirates of the Caribbean: Dead Man's Chest,Pirates of the Caribbean: Dead Man's Chest,2006-07-06,17.4449,7.373,16722
1064213,Anora,Anora,2024-10-14,16.2881,7.0,2754
583903,Our Friend,Our Friend,2019-09-04,8.0459,7.142,330
693134,Dune: Part Two,Dune: Part Two,2024-02-27,15.589,8.133,7238
786892,Furiosa: A Mad Max Saga,Furiosa: A Mad Max Saga,2024-05-22,17.6522,7.46,4514
1198426,Captain Avispa,Capitán Avispa,2024-04-04,16.9315,7.075,40
624860,The Matrix Resurrections,The Matrix Resurrections,2021-12-16,12.4712,6.4,6189
131631,The Hunger Games: Mockingjay - Part 1,The Hunger Games: Mockingjay - Part 1,2014-11-19,16.1041,6.8,16397
1126336,Anniversary,Anniversary,2025-10-29,14.216,6.7,38
550988,Free Guy,Free Guy,2021-08-11,15.9066,7.463,9403
9806,The Incredibles,The Incredibles,2004-11-05,15.3786,7.719,18430
1422166,The Age of Disclosure,The Age of Disclosure,2025-11-21,15.1259,7.9,17
937278,A Man Called Otto,A Man Called Otto,2022-12-28,16.37,7.8,3327
142254,Jeanne Eagels,Jeanne Eagels,1957-08-02,12.323,5.875,12
346698,Barbie,Barbie,2023-07-19,17.0863,6.9,10498
575264,Mission: Impossible - Dead Reckoning Part One,Mission: Impossible - Dead Reckoning Part One,2023-07-08,14.9359,7.518,4742
1100988,28 Years Later,28 Years Later,2025-06-18,15.5191,6.669,1735
156022,The Equalizer,The Equalizer,2014-09-24,14.6133,7.282,9594
1242011,Together,Together,2025-07-28,16.0784,7.1,725
953,Madagascar,Madagascar,2005-05-25,16.2963,6.916,11370
2897,Around the World in 80 Days,Around the World in 80 Days,1956-10-17,11.1394,6.6,543
129,Spirited Away,千と千尋の神隠し,2001-07-20,16.5178,8.535,17665
1374686,Light of the World,Light of the World,2025-09-04,15.946,9.0,5
2756,The Abyss,The Abyss,1989-08-09,14.1551,7.344,3260
1234591,My Favourite Cake,کیک محبوب من,2024-07-11,15.443,7.343,121
1135855,Kelas Bintang - Mangga Muda,Kelas Bintang - Mangga Muda,2023-05-10,15.4608,8.0,1
603692,John Wick: Chapter 4,John Wick: Chapter 4,2023-03-22,15.9482,7.716,7496
1114967,Good Fortune,Good Fortune,2025-10-14,16.7835,7.105,280
19782,Mama Jack,Mama Jack,2005-01-01,15.8144,5.7,14
1452176,Abraham's Boys: A Dracula Story,Abraham's Boys: A Dracula Story,2025-07-11,15.6527,5.537,27
154699,Da Thadiya,ടാ തടിയാ,2012-12-21,7.2363,6.3,15
481266,Being Awake,Vigilia,2017-02-16,14.9487,5.0,3
858485,Kantara,ಕಾಂತಾರ,2022-09-30,15.9522,7.161,124
87017,Leo's Room,El cuarto de Leo,2010-01-20,8.1953,6.8,39
1138194,Heretic,Heretic,2024-10-31,14.9985,6.972,2306
1124566,Sentimental Value,Affeksjonsverdi,2025-08-20,16.9208,7.6,94
1159311,My Hero Academia: You're Next,僕のヒーローアカデミア THE MOVIE ユアネクスト,2024-08-02,16.2655,7.2,180
475961,Curvature,Curvature,2017-10-08,9.9079,4.92,75
103,Taxi Driver,Taxi Driver,1976-02-09,14.5155,8.132,13000
387824,Mom's Friend,엄마친구,2015-08-20,16.3759,7.0,24
1328913,Padre no hay más que uno 5: Nido repleto,Padre no hay más que uno 5: Nido repleto,2025-06-26,15.6673,6.5,30
346910,The Predator,The Predator,2018-09-05,15.1257,5.632,4952
121734,"Tad, the Lost Explorer",Las aventuras de Tadeo Jones,2012-08-10,9.0996,6.3,593
12400,Redbelt,Redbelt,2008-04-07,11.0427,6.463,285
8681,Taken,Taken,2008-02-18,15.6713,7.398,11756
22,Pirates of the Caribbean: The Curse of the Black Pearl,Pirates of the Caribbean: The Curse of the Black Pearl,2003-07-09,19.2491,7.816,21627
660719,Our Men,Mon légionnaire,2021-10-06,15.8684,5.0,33
585,"Monsters, Inc.","Monsters, Inc.",2001-11-01,15.7096,7.847,19255
718930,Bullet Train,Bullet Train,2022-08-03,14.1276,7.422,7067
776523,Homeroom,Homeroom,2021-01-29,10.8758,0.0,0
272,Batman Begins,Batman Begins,2005-06-10,14.1188,7.719,21996
49051,The Hobbit: An Unexpected Journey,The Hobbit: An Unexpected Journey,2012-12-12,17.0599,7.364,19132
38757,Tangled,Tangled,2010-11-24,15.0889,7.61,12020
10719,Elf,Elf,2003-11-07,15.5832,6.658,4318
408567,Deadly Pickup,Deadly Pickup,2016-07-26,13.6953,5.396,24
1006763,The Abandoned,查無此心,2023-09-08,8.9796,6.287,54
857,Saving Private Ryan,Saving Private Ryan,1998-07-24,14.0817,8.221,16672
726208,Don't Listen,Voces,2020-07-24,16.0421,6.488,781
111,Scarface,Scarface,1983-12-09,16.0982,8.158,12581
39254,Real Steel,Real Steel,2011-09-28,15.1103,7.1,8828
1076555,The Stolen Painting,Le Tableau volé,2024-05-01,14.8902,6.14,107
601,E.T. the Extra-Terrestrial,E.T. the Extra-Terrestrial,1982-06-11,15.3004,7.51,11657
101,Léon: The Professional,Léon,1994-09-14,13.6829,8.3,15589
105,Back to the Future,Back to the Future,1985-07-03,16.71,8.323,21098
205596,The Imitation Game,The Imitation Game,2014-11-14,14.5013,7.99,17660
653346,Kingdom of the Planet of the Apes,Kingdom of the Planet of the Apes,2024-05-08,14.9189,7.1,3974
1272166,Ballad of a Small Player,Ballad of a Small Player,2025-10-15,13.4705,5.833,207
16869,Inglourious Basterds,Inglourious Basterds,2009-08-02,13.9408,8.214,23445
238675,Love Is in the Green Wind,恋は緑の風の中,1974-11-23,14.0142,6.9,22
1362315,The Hand That Rocks the Cradle,The Hand That Rocks the Cradle,2025-10-16,14.2531,5.74,96
231700,The Teckman Mystery,The Teckman Mystery,1954-10-27,12.6272,5.9,17
1364608,Anemone,Anemone,2025-10-02,14.1994,6.3,59
1151334,Eenie Meanie,Eenie Meanie,2025-08-21,15.5457,6.371,249
152760,The Monuments Men,The Monuments Men,2014-01-24,15.4213,6.065,3712
336061,Bent Time,Bent Time,1983-04-16,7.8291,5.0,1
630,The Wizard of Oz,The Wizard of Oz,1939-08-15,14.7933,7.6,5905
1466120,Dead Again,데드 어게인,2025-05-08,14.8596,9.0,3
38093,Just Wright,Just Wright,2010-05-14,12.8457,6.521,448
640,Catch Me If You Can,Catch Me If You Can,2002-12-16,14.9859,7.979,16522
467905,How to Make a Killing,How to Make a Killing,2026-02-20,14.0943,0.0,0
218,The Terminator,The Terminator,1984-10-26,16.7555,7.674,14008
1294203,My Fault: London,My Fault: London,2025-02-12,14.7815,7.435,490
200356,Descent,Descent,2005-05-20,9.1054,4.7,26
8587,The Lion King,The Lion King,1994-06-15,14.72,8.256,19171
1040587,I Woke Up With a Dream,Desperté con un sueño,2022-10-27,7.3752,5.8,6
152601,Her,Her,2013-12-18,14.6573,7.846,14882
1012582,Bury Me When I'm Dead,Bury Me When I'm Dead,2025-07-14,14.2811,5.4,7
605928,The Power of the Present,The Power of the Present,2017-06-27,15.5222,8.5,14
494950,Rajma Chawal,Rajma Chawal,2018-10-13,13.5257,6.5,21
97904,The Mad Bomber,The Mad Bomber,1973-04-01,7.1278,4.909,22
1361854,The Delights of the Garden,Las delicias del jardín,2025-09-19,16.2282,4.0,1
11324,Shutter Island,Shutter Island,2010-02-14,14.2162,8.202,25096
436969,The Suicide Squad,The Suicide Squad,2021-07-28,13.5193,7.478,9245
18785,The Hangover,The Hangover,2009-06-02,14.4295,7.328,17633
68718,Django Unchained,Django Unchained,2012-12-25,13.8581,8.185,27282
12153,White Chicks,White Chicks,2004-06-23,14.0491,6.938,4325
37165,The Truman Show,The Truman Show,1998-06-04,12.5079,8.149,19507
1108336,Wild Diamond,Diamant brut,2024-10-09,11.9783,6.4,82
16288,Creepshow 2,Creepshow 2,1987-05-01,31.306,6.2,627
13644,All I Want For Christmas,All I Want For Christmas,1991-11-08,13.6371,5.6,120
68721,Iron Man 3,Iron Man 3,2013-04-18,14.2973,6.93,22947
748783,The Garfield Movie,The Garfield Movie,2024-04-30,14.8063,7.0,1354
788,Mrs. Doubtfire,Mrs. Doubtfire,1993-11-24,14.0272,7.192,6399
546554,Knives Out,Knives Out,2019-11-27,15.8807,7.844,13267
467391,Severina,Severina,2017-08-21,9.0682,6.4,14
1232449,Young Hearts,Young Hearts,2024-10-26,14.056,8.5,177
17979,A Christmas Carol,A Christmas Carol,2009-11-04,14.8245,6.897,4772
315635,Spider-Man: Homecoming,Spider-Man: Homecoming,2017-07-05,14.7417,7.329,22632
635302,Demon Slayer -Kimetsu no Yaiba- The Movie: Mugen Train,劇場版「鬼滅の刃」無限列車編,2020-10-16,14.0705,8.2,4321
1011985,Kung Fu Panda 4,Kung Fu Panda 4,2024-03-02,15.3773,7.0,3285
12155,Alice in Wonderland,Alice in Wonderland,2010-03-03,15.0597,6.637,14475
397228,Four Hours of Terror,高度7000米　恐怖の四時間,1959-09-30,22.4766,5.7,3
1497036,Dr. Seuss's The Sneetches,Dr. Seuss's The Sneetches,2025-11-03,14.8883,7.2,10
605722,Long Distance,Long Distance,2024-07-12,15.6672,6.514,214
1252309,Ask Me What You Want,Pídeme lo que quieras,2024-11-29,14.3013,6.183,252
38055,Megamind,Megamind,2010-10-28,13.1525,7.013,7230
475557,Joker,Joker,2019-10-01,13.6702,8.131,27017
507086,Jurassic World Dominion,Jurassic World Dominion,2022-06-01,13.3583,6.6,6746
1260649,Jumanji 3,Jumanji 3,2026-12-09,14.2603,0.0,0
1202863,From Darkness,Ur mörkret,2024-03-22,15.1022,6.393,14
49521,Man of Steel,Man of Steel,2013-06-12,13.1628,6.64,15785
817959,Lovely Boy,Lovely Boy,2021-09-10,13.8922,6.0,46
18424,Cloud 9,Cloud 9,2006-01-01,32.3433,5.089,28
348,Alien,Alien,1979-05-25,14.9059,8.166,15774
1033148,Die My Love,Die My Love,2025-10-06,15.8595,6.9,63
1414312,The Stringer: The Man Who Took the Photo,The Stringer: The Man Who Took the Photo,2025-01-25,14.5792,7.667,4
177572,Big Hero 6,Big Hero 6,2014-10-24,13.6317,7.727,16192
18240,The Proposal,The Proposal,2009-06-02,13.4596,7.151,7224
1380998,The Book,The Book,2024-11-08,14.9324,4.167,7
9502,Kung Fu Panda,Kung Fu Panda,2008-06-04,14.0558,7.31,12214
612007,The Three Superboys Strike Again,Üç Kağıtçılar,1976-01-01,15.717,6.5,8
1028248,As Good as Dead,As Good as Dead,2022-12-16,11.5652,6.177,82
1396965,Detective Conan: One-Eyed Flashback,名探偵コナン 隻眼の残像（フラッシュバック）,2025-04-18,15.7766,7.7,34
1418817,Kamen Rider Gavv: Invaders of the Candy House,仮面ライダーガヴ お菓子の家の侵略者,2025-07-25,13.7523,0.0,0
1726,Iron Man,Iron Man,2008-04-30,13.7309,7.654,27488
46853,Playing with Love,Maladolescenza,1977-05-17,13.6822,5.131,84
593643,The Menu,The Menu,2022-11-17,12.3962,7.171,5733
138843,The Conjuring,The Conjuring,2013-07-18,14.1377,7.541,12355
372921,Mutual Relations,공즉시색,2015-12-01,12.6019,6.5,19
4935,Howl's Moving Castle,ハウルの動く城,2004-09-09,11.6221,8.392,10634
77,Memento,Memento,2000-10-11,12.7659,8.178,15695
509,Notting Hill,Notting Hill,1999-05-21,13.7281,7.265,6487
1455575,Behind the Curtain: Stranger Things: The First Shadow,Behind the Curtain: Stranger Things: The First Shadow,2025-04-14,15.146,7.4,9
169,Predator 2,Predator 2,1990-11-21,14.4758,6.292,3609
1259102,Eternity,Eternity,2025-11-26,15.8859,6.55,10
945961,Alien: Romulus,Alien: Romulus,2024-08-13,16.4331,7.2,4123
22373,Saturn in Opposition,Saturno contro,2007-02-23,13.3732,6.9,395
73723,The Lorax,The Lorax,2012-03-01,13.6665,6.518,3761
280,Terminator 2: Judgment Day,Terminator 2: Judgment Day,1991-07-03,13.9441,8.135,13724
315162,Puss in Boots: The Last Wish,Puss in Boots: The Last Wish,2022-12-07,13.7121,8.21,8502
1865,Pirates of the Caribbean: On Stranger Tides,Pirates of the Caribbean: On Stranger Tides,2011-05-15,14.6545,6.563,14599
1158915,Dìdi (弟弟),Dìdi (弟弟),2024-07-26,14.5709,7.162,173
9902,Wrong Turn,Wrong Turn,2003-05-30,14.0104,6.372,2883
396535,Train to Busan,부산행,2016-07-20,14.007,7.748,8054
49013,Cars 2,Cars 2,2011-06-11,13.8245,6.165,8228
807,Se7en,Se7en,1995-09-22,14.0893,8.377,22322
89535,Night Visitor,Night Visitor,1989-05-12,8.669,4.1,25
59940,Zebra Lounge,Zebra Lounge,2001-10-04,15.0708,4.262,42
10193,Toy Story 3,Toy Story 3,2010-06-16,13.7074,7.803,15302
68737,Seventh Son,Seventh Son,2014-12-12,13.0303,5.5,2579
760104,X,X,2022-03-17,14.9752,6.735,3735
696506,Mickey 17,Mickey 17,2025-02-28,11.541,6.847,2903
1571470,The Rats: A Witcher Tale,The Rats: A Witcher Tale,2025-10-29,15.8019,5.218,85
578,Jaws,Jaws,1975-06-20,14.8292,7.7,11152
987400,Aztec Batman: Clash of Empires,Batman Azteca: Choque de imperios,2025-09-18,13.3479,7.8,120
122917,The Hobbit: The Battle of the Five Armies,The Hobbit: The Battle of the Five Armies,2014-12-10,15.1814,7.329,14916
21778,RRRrrrr!!!,RRRrrrr!!!,2004-01-28,13.603,6.308,1221
244786,Whiplash,Whiplash,2014-10-10,13.6654,8.376,16092
447273,Snow White,Snow White,2025-03-19,13.2993,4.297,1453
73861,A Serbian Film,Srpski film,2010-01-06,13.5489,5.4,2136
12208,Casino Royale,Casino Royale,1967-04-13,14.4301,5.252,784
1034541,Terrifier 3,Terrifier 3,2024-10-09,13.1375,6.816,1817
1135429,Nanoshark,Nanoshark,2024-03-05,8.4226,2.0,4
260346,Taken 3,Taken 3,2014-12-16,10.7333,6.263,5988
28178,Hachi: A Dog's Tale,Hachi: A Dog's Tale,2009-06-08,15.4643,8.011,6977
1136867,Materialists,Materialists,2025-06-12,14.5331,6.495,883
250546,Annabelle,Annabelle,2014-10-01,13.381,5.788,6408
562,Die Hard,Die Hard,1988-07-15,14.4254,7.803,11803
11688,The Emperor's New Groove,The Emperor's New Groove,2000-12-15,14.3539,7.557,7087
489,Good Will Hunting,Good Will Hunting,1997-12-05,12.855,8.157,13279
564,The Mummy,The Mummy,1999-04-16,15.6746,6.952,9602
557,Spider-Man,Spider-Man,2002-05-01,13.0009,7.317,20055
753251,The Trey o' Hearts,The Trey o' Hearts,1914-08-04,5.856,2.0,1
1251717,Vicious,Vicious,2025-09-19,12.8809,6.011,182
324857,Spider-Man: Into the Spider-Verse,Spider-Man: Into the Spider-Verse,2018-12-06,12.8723,8.395,16627
1043905,Dirty Angels,Dirty Angels,2024-12-11,15.2892,6.184,343
1368166,The Housemaid,The Housemaid,2025-12-19,13.8668,0.0,0
297762,Wonder Woman,Wonder Woman,2017-05-30,12.3447,7.214,20549
1087891,The Amateur,The Amateur,2025-04-09,11.1003,6.97,1362
1252428,Anaconda,狂蟒之灾,2024-03-01,14.3629,7.2,113
480434,Dreamland,Dreamland,2019-11-27,13.228,5.9,259
254,King Kong,King Kong,2005-12-12,13.2412,6.888,8266
10195,Thor,Thor,2011-04-21,12.7202,6.769,21883
858024,Hamnet,Hamnet,2025-11-26,13.3079,9.7,3
1124619,Bride Hard,Bride Hard,2025-06-19,14.2644,5.589,135
512198,Dead Bride,Dead Bride,2025-01-09,12.5623,4.75,4
769,GoodFellas,GoodFellas,1990-09-12,13.3127,8.453,13803
150540,Inside Out,Inside Out,2015-06-17,13.2373,7.91,22946
545611,Everything Everywhere All at Once,Everything Everywhere All at Once,2022-03-24,12.3946,7.728,7466
85669,The Keeper,The Keeper,1976-01-01,12.2183,4.2,8
348893,Boyka: Undisputed IV,Boyka: Undisputed IV,2016-08-01,13.4275,7.174,1410
1340828,A Little Women's Christmas,A Little Women's Christmas,2024-11-23,11.9506,6.667,6
10191,How to Train Your Dragon,How to Train Your Dragon,2010-03-18,13.3645,7.854,13899
1326106,Kaiju No. 8: Mission Recon,アニメ『怪獣８号』第１期総集編／同時上映「保科の休日」,2025-03-28,13.2817,7.9,74
1169210,The Mannequin,The Mannequin,2025-08-24,13.7927,6.056,18
376228,Audrie & Daisy,Audrie & Daisy,2016-09-23,12.426,7.142,194
8966,Twilight,Twilight,2008-11-20,13.4957,6.284,14081
447365,Guardians of the Galaxy Vol. 3,Guardians of the Galaxy Vol. 3,2023-05-03,12.4419,7.9,7804
114104,The Bobo,The Bobo,1967-03-31,12.4849,6.0,5
102382,The Amazing Spider-Man 2,The Amazing Spider-Man 2,2014-04-16,12.483,6.525,13842
11036,The Notebook,The Notebook,2004-06-25,12.8326,7.9,12183
197,Braveheart,Braveheart,1995-05-24,12.6958,7.942,10720
118,Charlie and the Chocolate Factory,Charlie and the Chocolate Factory,2005-07-13,12.3906,7.04,15769
87068,Love Thy Neighbour,Love Thy Neighbour,1973-08-26,10.6685,6.2,13
1244039,Butchers Book Two: Raghorn,Butchers Book Two: Raghorn,2024-02-29,13.7588,4.684,19
1468057,GATAO: Big Brothers,角頭－鬥陣欸,2025-08-21,11.0141,7.0,3
297802,Aquaman,Aquaman,2018-12-07,11.2557,6.871,14590
676156,The Warrant,The Warrant,2020-02-06,12.8868,5.9,27
520318,Fatima,Fatima,2020-08-13,14.3829,7.208,192
10681,WALL·E,WALL·E,2008-06-22,12.4796,8.104,19681
1124620,The Monkey,The Monkey,2025-02-14,12.4194,6.0,1110
1042834,Eden,Eden,2025-04-03,10.1684,6.739,422
656908,Ramayana: Part One,रामायण,2026-11-06,12.0414,0.0,0
1451296,One X Two,Uno equis dos,2025-08-08,28.5998,6.0,2
4951,10 Things I Hate About You,10 Things I Hate About You,1999-03-30,12.3037,7.59,8629
41201,The Illusionist,L'Illusionniste,2010-06-16,12.6724,7.3,649
866398,The Beekeeper,The Beekeeper,2024-01-08,12.2892,7.276,3890
429617,Spider-Man: Far From Home,Spider-Man: Far From Home,2019-06-28,13.2614,7.399,16470
542178,"The French Dispatch of the Liberty, Kansas Evening Sun","The French Dispatch of the Liberty, Kansas Evening Sun",2021-10-21,15.1016,7.0,2820
928864,Aunt Virginia,Tia Virgínia,2023-11-09,10.5337,7.45,10
43599,Employees' Entrance,Employees' Entrance,1933-02-11,8.909,6.096,26
1155281,Creation of the Gods II: Demon Force,封神第二部：战火西岐,2025-01-29,13.363,6.439,114
321612,Beauty and the Beast,Beauty and the Beast,2017-03-16,12.7919,6.969,15830
9479,The Nightmare Before Christmas,The Nightmare Before Christmas,1993-10-09,13.5416,7.835,10018
168816,A Sweet Woman,Сладкая женщина,1976-06-06,8.9439,4.1,8
46195,Rio,Rio,2011-04-03,14.2567,6.753,6980
1064028,Subservience,Subservience,2024-08-15,12.1387,6.637,894
1005331,Carry-On,Carry-On,2024-12-05,12.233,6.894,2497
1142921,Tere Ishk Mein,तेरे इश्क़ में,2025-11-28,14.335,0.0,0
153104,Wicked Minds,Wicked Minds,2003-03-01,13.219,6.3,49
1357633,Solo Leveling -ReAwakening-,俺だけレベルアップな件 -ReAwakening-,2024-11-26,13.2574,7.027,244
1034947,Street Flow 2,Banlieusards 2,2023-09-27,11.4837,6.172,88
260514,Cars 3,Cars 3,2017-06-15,11.2385,6.9,6199
1373276,They Were Witches,Eran brujas,2025-09-08,13.8116,4.667,3
239563,St. Vincent,St. Vincent,2014-10-09,10.5329,7.115,1996
1471345,Homo Argentum,Homo Argentum,2025-08-14,10.7473,5.5,11
1548092,The Follies,Las Locuras,2025-11-13,10.3069,4.8,11
556002,The Portrait,Das Bildnis,1923-10-02,11.8423,0.0,0
1417,Pan's Labyrinth,El laberinto del fauno,2006-10-11,12.4908,7.8,11128
11,Star Wars,Star Wars,1977-05-25,15.3273,8.204,21687
1053008,Fight Another Day,Fight Another Day,2024-10-09,12.7168,5.1,19
1140535,Presence,Presence,2025-01-17,13.7313,6.093,610
364051,The Innocents,Les Innocentes,2016-02-10,11.9955,7.063,415
27522,Waxworks,Das Wachsfigurenkabinett,1924-11-13,11.8214,6.4,66
755679,Fast X: Part 2,Fast X: Part 2,,12.2718,0.0,0
1241436,Warfare,Warfare,2025-04-09,12.9063,7.1,1135
13448,Angels & Demons,Angels & Demons,2009-04-20,10.9613,6.716,7124
210577,Gone Girl,Gone Girl,2014-10-01,15.2792,7.889,19450
870360,The Day the Earth Blew Up: A Looney Tunes Movie,The Day the Earth Blew Up: A Looney Tunes Movie,2024-08-01,13.1608,7.7,177
259904,Sacred,Keramat,2009-09-03,13.2326,6.5,17
1246,Rocky Balboa,Rocky Balboa,2006-12-20,12.3611,6.877,3681
1205515,"Sorry, Baby","Sorry, Baby",2025-06-27,11.9198,6.796,142
789526,Oh Boy! What's Wrong With You?!,Oh Boy ! What's Wrong With You ?!,2021-01-23,11.2698,0.0,0
926393,The Equalizer 3,The Equalizer 3,2023-08-30,11.3137,7.296,3483
257344,Pixels,Pixels,2015-07-16,12.0731,5.761,7837
1549517,Balahibong Pusa,Balahibong Pusa,2025-11-28,11.8688,0.0,0
1337411,Obsesyon,Obsesyon,2025-07-04,11.8143,7.0,7
1323409,Dracula,Dracula,2025-10-15,11.4631,7.25,5
9072,Little Man,Little Man,2006-08-31,11.7782,5.926,1838
1028556,Haul Out the Holly,Haul Out the Holly,2022-11-26,12.9427,6.006,82
80880,Aarya,ఆర్య,2004-05-07,12.4319,6.5,42
559,Spider-Man 3,Spider-Man 3,2007-05-01,11.9805,6.447,14787
873967,The Devil’s Trap,The Devil’s Trap,2024-11-01,12.6681,7.6,5
140605,Certain Fury,Certain Fury,1985-03-01,12.7632,4.909,22
927254,The Twits,The Twits,2025-10-17,13.7725,6.06,67
33633,Oleanna,Oleanna,1994-11-04,12.4771,6.2,55
549509,The Brutalist,The Brutalist,2024-12-20,11.8089,7.0,1417
408866,RE:BORN,RE:BORN,2016-09-24,12.1644,7.105,239
10198,The Princess and the Frog,The Princess and the Frog,2009-12-08,11.3501,7.214,5934
1114743,The Curse of the Clown Motel,The Curse of the Clown Motel,2023-12-07,11.6446,4.0,18
296096,Me Before You,Me Before You,2016-06-01,13.1788,7.9,12897
1116490,Cash Out,Cash Out,2024-04-26,12.1933,6.244,221
64690,Drive,Drive,2011-09-15,12.1242,7.583,13203
111983,Live Wire: Human Timebomb,Human Timebomb,1996-02-27,11.2094,4.714,7
454615,Black Water,Black Water,2018-05-18,10.1594,5.6,269
508943,Luca,Luca,2021-06-17,12.1059,7.791,8737
1308821,First Taste,Unang Tikim,2024-08-07,12.7046,5.0,7
1307078,My Oxford Year,My Oxford Year,2025-07-31,11.6837,7.039,482
10663,The Waterboy,The Waterboy,1998-11-06,12.249,6.06,1935
10020,Beauty and the Beast,Beauty and the Beast,1991-10-22,12.249,7.729,10384
72105,Ted,Ted,2012-06-29,12.2439,6.448,12849
1185528,Legends of the Condor Heroes: The Gallants,射雕英雄传：侠之大者,2025-01-29,12.2436,6.9,74
1191666,The Rookie Guide,Le Routard,2025-04-02,12.234,4.641,39
792307,Poor Things,Poor Things,2023-12-07,12.2179,7.7,5101
373571,Godzilla: King of the Monsters,Godzilla: King of the Monsters,2019-05-29,12.217,6.7,6484
1196660,Haslers,Haslers,2023-12-08,12.2107,4.0,4
1249289,Alarum,Alarum,2025-01-16,12.2055,5.688,373
9982,Chicken Little,Chicken Little,2005-11-04,12.1964,5.903,4057
1426776,STRAW,STRAW,2025-06-05,12.1944,7.807,872
57158,The Hobbit: The Desolation of Smaug,The Hobbit: The Desolation of Smaug,2013-12-11,12.1775,7.574,13768
380,Rain Man,Rain Man,1988-12-12,12.172,7.752,6779
1101401,Sugar Baby,Sugar Baby,2024-10-15,12.1689,6.3,19
694,The Shining,The Shining,1980-05-23,12.1685,8.207,18365
1290879,The Woman in Cabin 10,The Woman in Cabin 10,2025-10-09,12.1608,6.2,696
392860,Venus in Furs,Venus in Furs,1966-12-15,12.1437,6.0,1
854,The Mask,The Mask,1994-07-29,12.1435,6.974,10856
997265,Rule 34,Regra 34,2023-01-19,12.1367,5.31,21
1100782,Smile 2,Smile 2,2024-10-16,12.1352,6.597,1904
648878,Eddington,Eddington,2025-07-16,12.7227,6.476,504
105825,Erotic Ghost Story III,聊齋三集之燈草和尚,1992-03-05,12.0918,5.5,27
49026,The Dark Knight Rises,The Dark Knight Rises,2012-07-17,12.7661,7.789,23735
615665,Holidate,Holidate,2020-10-27,12.5758,6.986,2287
34862,Solar Attack,Solar Strike,2006-05-25,12.1031,5.2,44
262775,Lovely Man,Lovely Man,2011-09-30,10.9176,5.2,8
333339,Ready Player One,Ready Player One,2018-03-28,10.2359,7.585,16390
228150,Fury,Fury,2014-10-15,13.2219,7.54,12582
227483,Blue Movie,Blue Movie,1971-07-16,11.8968,4.458,12
332562,A Star Is Born,A Star Is Born,2018-10-03,12.2669,7.496,12009
324544,In the Lost Lands,In the Lost Lands,2025-02-27,12.2299,6.411,646
270946,Penguins of Madagascar,Penguins of Madagascar,2014-11-22,11.3431,6.53,4341
253477,Torture Chamber,Torture Chamber,2013-10-10,10.8726,3.3,19
976573,Elemental,Elemental,2023-06-14,12.3101,7.594,5036
500487,Matria,Matria,2017-10-24,10.5867,5.7,6
592350,My Hero Academia: Heroes Rising,僕のヒーローアカデミア THE MOVIE ヒーローズ：ライジング,2019-12-20,11.847,8.1,1236
98566,Teenage Mutant Ninja Turtles,Teenage Mutant Ninja Turtles,2014-08-07,12.0518,5.924,7030
623511,The Burning Sea,Nordsjøen,2021-10-29,12.4259,6.597,278
863,Toy Story 2,Toy Story 2,1999-10-30,11.8406,7.604,14485
656150,Responsible Child,Responsible Child,2019-12-16,11.1762,6.579,19
920708,Vāranāsi,వారణాసి,,11.9339,0.0,0
800090,The Exiles,Los Tortuga,2025-05-23,11.9328,6.6,7
11528,The Sandlot,The Sandlot,1993-04-07,11.9321,7.5,1267
335984,Blade Runner 2049,Blade Runner 2049,2017-10-04,11.9309,7.587,14562
307081,Southpaw,Southpaw,2015-03-24,11.9148,7.4,5662
490308,Los malvados,Los malvados,1966-10-12,11.9051,5.0,3
453395,Doctor Strange in the Multiverse of Madness,Doctor Strange in the Multiverse of Madness,2022-05-04,11.9037,7.237,9895
271110,Captain America: Civil War,Captain America: Civil War,2016-04-27,11.9015,7.448,23537
736184,Lou Reed - Ancienne Belgique 22-05-1974,Lou Reed - Ancienne Belgique 22-05-1974,1974-05-22,11.9007,8.0,1
56362,Loups=Garous,ルー=ガルー 忌避すべき狼,2010-08-28,11.8971,4.8,18
12133,Step Brothers,Step Brothers,2008-07-25,11.8777,6.558,3275
162,Edward Scissorhands,Edward Scissorhands,1990-12-07,11.8478,7.719,13436
656483,Cocoon,Kokon,2020-08-13,11.8338,6.0,42
81188,Rise of the Guardians,Rise of the Guardians,2012-11-21,11.8278,7.4,6963
9529,Candyman,Candyman,1992-10-16,11.8051,6.649,1728
1734,The Mummy Returns,The Mummy Returns,2001-05-04,11.8014,6.387,7405
633880,Screen Test [ST263]: Lou Reed,Screen Test [ST263]: Lou Reed,1966-10-05,11.8007,0.0,0
646097,Rebel Ridge,Rebel Ridge,2024-08-27,11.7959,6.991,1474
242,The Godfather Part III,The Godfather Part III,1990-12-25,11.637,7.417,6601
498162,Before the Frost,Før frosten,2019-01-10,11.3374,6.167,30
1391153,The Book of Sijjin & Illiyyin,Kitab Sijjin & Illiyyin,2025-07-17,11.0033,7.4,4
181533,Night at the Museum: Secret of the Tomb,Night at the Museum: Secret of the Tomb,2014-12-17,10.5889,6.218,6076
922544,Lou Reed: Live in Barcelona,Lou Reed: Live in Barcelona,1984-12-10,10.2801,0.0,0
791478,Zeitkratzer And Lou Reed: Metal Machine Music,Zeitkratzer And Lou Reed: Metal Machine Music,2007-09-04,10.4387,0.0,0
62029,Bingo Bongo,Bingo Bongo,1982-12-23,12.7816,5.701,164
8077,Alien³,Alien³,1992-05-22,12.0008,6.4,6122
324552,John Wick: Chapter 2,John Wick: Chapter 2,2017-02-08,11.0632,7.34,13801
1549292,LEGO Frozen: Operation Puffins,LEGO Frozen: Operation Puffins,2025-10-23,12.098,6.094,16
9016,Treasure Planet,Treasure Planet,2002-11-26,11.2058,7.561,4456
1407861,The Bayou,The Bayou,2025-01-31,11.275,5.578,161
409912,Occupy Wall Street: We Are The 99%,Occupy Wall Street: We Are The 99%,2015-01-01,9.6283,6.7,3
2251,Unfaithful,Unfaithful,2002-05-10,11.1732,6.7,1634
979,Irreversible,Irréversible,2002-05-22,11.6266,7.182,3137
335977,Indiana Jones and the Dial of Destiny,Indiana Jones and the Dial of Destiny,2023-06-25,10.2416,6.5,3875
26198,The Keep,The Keep,1983-12-16,12.0683,5.6,294
2649,The Game,The Game,1997-09-12,10.1061,7.567,7046
114833,Lou Reed Live at Montreux 2000,Lou Reed Live at Montreux 2000,2005-10-31,9.9297,4.0,2
1158957,How the Ladies Pay (Lou Reed),How the Ladies Pay (Lou Reed),1977-08-01,10.1297,0.0,0
140785,Fairy in a Cage,檻の中の妖精,1977-06-04,11.1184,5.318,22
1241752,Rita,Rita,2024-03-22,11.2431,6.05,20
1356039,Counterattack,Contraataque,2025-02-27,11.4555,8.272,766
675353,Sonic the Hedgehog 2,Sonic the Hedgehog 2,2022-03-30,12.0702,7.4,5698
427048,Young Casanova,Sexuellement vôtre,1974-11-20,8.4336,4.3,6
293450,Flow,Ækte vare,2014-05-08,10.4868,5.4,7
900786,Los Angeles,Los Angeles,2021-11-20,8.6177,5.0,1
92323,Willie & Phil,Willie & Phil,1980-08-15,10.4709,4.091,11
154400,The Drop,The Drop,2014-09-12,11.1789,6.822,2329
29833,Brain Dead,Brain Dead,2007-10-17,11.0929,4.8,36
119450,Dawn of the Planet of the Apes,Dawn of the Planet of the Apes,2014-07-08,10.9162,7.334,11915
10022,The Pacifier,The Pacifier,2005-03-04,10.1695,6.071,3157
114,Pretty Woman,Pretty Woman,1990-03-23,12.7687,7.46,8702
9387,Conan the Barbarian,Conan the Barbarian,1982-03-16,12.2511,6.807,2668
9753,Three,Three,2005-11-16,11.5469,5.561,270
70196,The Veteran,The Veteran,2011-04-29,12.4061,5.8,128
893723,PAW Patrol: The Mighty Movie,PAW Patrol: The Mighty Movie,2023-09-21,11.7026,7.0,524
73835,The Paramedic,Il Paramedico,1982-02-07,11.2874,4.0,14
9714,Home Alone 3,Home Alone 3,1997-12-12,10.9909,5.276,3167
8316,The Countess,The Countess,2009-03-13,11.2022,5.906,177
2024,The Patriot,The Patriot,2000-06-28,10.9653,7.187,4143
672322,Rurouni Kenshin: The Beginning,るろうに剣心 最終章 The Beginning,2021-06-04,11.1787,7.7,507
843527,The Idea of You,The Idea of You,2024-05-02,10.3726,7.334,1815
76,Before Sunrise,Before Sunrise,1995-01-27,12.5005,7.971,4485
1181540,Guns Up,Guns Up,2025-05-15,12.5343,6.6,123
512200,Jumanji: The Next Level,Jumanji: The Next Level,2019-12-04,12.4488,6.886,9084
292610,Ladies' Doctor,Il ginecologo della mutua,1977-09-13,11.1378,4.294,17
603723,Clowning Around 2,Clowning Around 2,1993-08-01,5.4196,3.5,2
753342,Napoleon,Napoleon,2023-11-22,11.4223,6.317,2912
358369,The Making of an Underground Film,The Making of an Underground Film,1965-09-06,10.2409,6.0,1
61930,Bagnomaria,Bagnomaria,1999-02-12,10.0318,5.8,110
5144,Marquise,Marquise,1997-08-20,11.644,5.5,49
1367575,A Line of Fire,A Line of Fire,2025-04-05,11.6652,6.077,52
36971,Whisky,Whisky,2004-08-06,7.4502,6.9,89
77338,The Intouchables,Intouchables,2011-11-02,10.3663,8.271,17979
713704,Evil Dead Rise,Evil Dead Rise,2023-04-12,11.6257,6.9,3445
9671,Crocodile Dundee,Crocodile Dundee,1986-09-26,11.0836,6.4,2019
616,The Last Samurai,The Last Samurai,2003-12-05,10.9227,7.597,7268
1245993,Caught Stealing,Caught Stealing,2025-08-26,13.6456,6.9,552
283995,Guardians of the Galaxy Vol. 2,Guardians of the Galaxy Vol. 2,2017-04-19,10.243,7.612,22423
833209,Screen Test [ST264]: Lou Reed,Screen Test [ST264]: Lou Reed,1966-01-01,9.8711,0.0,0
350,The Devil Wears Prada,The Devil Wears Prada,2006-06-29,11.2972,7.4,12619
873146,Rock 'n' Roll Man - Lou Reed in concerto 1980,Rock 'n' Roll Man - Lou Reed in concerto 1980,1980-06-14,10.1802,0.0,0
12,Finding Nemo,Finding Nemo,2003-05-30,13.415,7.817,20067
447277,The Little Mermaid,The Little Mermaid,2023-05-18,11.0894,6.291,3189
629542,The Bad Guys,The Bad Guys,2022-03-17,11.6949,7.537,2389
173736,The Cave of the Golden Rose 4,Fantaghirò 4,1994-12-19,11.9985,6.2,90
50620,The Twilight Saga: Breaking Dawn - Part 2,The Twilight Saga: Breaking Dawn - Part 2,2012-11-13,10.8669,6.462,9197
30484,Warrior Queen,Warrior Queen,1987-01-26,10.8241,3.5,32
588228,The Tomorrow War,The Tomorrow War,2021-09-03,10.6863,7.489,3888
50619,The Twilight Saga: Breaking Dawn - Part 1,The Twilight Saga: Breaking Dawn - Part 1,2011-11-16,10.5639,6.193,9090
231015,Lou Reed - Coney Island Baby Live in Jersey,Lou Reed - Coney Island Baby Live in Jersey,1992-07-14,9.9283,6.5,1
2105,American Pie,American Pie,1999-07-09,9.4496,6.598,8037
737779,Chateau Christmas,Chateau Christmas,2020-10-25,9.9253,6.3,46
398818,Call Me by Your Name,Call Me by Your Name,2017-07-28,14.2184,8.1,12500
804327,The Velvet Underground: Loaded,The Velvet Underground: Loaded,1970-01-01,9.9112,0.0,0
1372028,Christmas in the Spotlight,Christmas in the Spotlight,2024-11-23,10.7912,7.3,20
809,Shrek 2,Shrek 2,2004-05-19,12.0834,7.304,13033
1339658,"Oh, Hi!","Oh, Hi!",2025-07-25,11.1977,6.177,79
491094,The Portrait,Ang Larawan,2017-12-25,10.424,7.0,4
940551,Migration,Migration,2023-12-06,12.2561,7.38,2133
146768,The Americano,The Americano,1955-01-19,10.8142,5.2,12
298618,The Flash,The Flash,2023-06-13,11.61,6.622,4771
920,Cars,Cars,2006-06-08,10.4566,7.0,14700
192558,Aashiqui 2,आशिकी २,2013-04-26,11.5434,6.792,178
4247,Scary Movie,Scary Movie,2000-07-07,10.7783,6.381,7403
994138,Dark Nature,Dark Nature,2023-05-19,9.5926,4.744,41
810693,Jujutsu Kaisen 0,劇場版 呪術廻戦 0,2021-12-24,11.7876,8.122,1583
568124,Encanto,Encanto,2021-10-13,11.0425,7.579,9935
833216,Screen Test [ST270]: Lou Reed (Hershey),Screen Test [ST270]: Lou Reed (Hershey),1966-01-01,9.899,0.0,0
930094,"Red, White & Royal Blue","Red, White & Royal Blue",2023-07-27,11.1067,7.943,1455
868759,Ghosted,Ghosted,2023-04-18,11.7659,6.908,2053
1083433,I Know What You Did Last Summer,I Know What You Did Last Summer,2025-07-16,11.6099,5.805,547
1168719,Silent Friend,Stille Freundin,2026-01-15,10.9852,0.0,0
1161639,Screen Test [ST268]: Lou Reed (Apple),Screen Test [ST268]: Lou Reed (Apple),1966-01-01,9.9067,0.0,0
639720,IF,IF,2024-05-08,9.9958,7.021,1472
99861,Avengers: Age of Ultron,Avengers: Age of Ultron,2015-04-22,11.4091,7.3,23874
2280,Big,Big,1988-06-03,11.3209,7.179,3841
667538,Transformers: Rise of the Beasts,Transformers: Rise of the Beasts,2023-06-06,12.1475,7.2,5086
1495,Kingdom of Heaven,Kingdom of Heaven,2005-05-03,12.1807,7.0,4680
82702,How to Train Your Dragon 2,How to Train Your Dragon 2,2014-06-05,11.1722,7.677,10122
625248,Dead Kids,Dead Kids,2019-11-17,10.6486,5.9,26
405301,"Bowie, Iggy & Lou 1971-1973: The Sacred Triangle","Bowie, Iggy & Lou 1971-1973: The Sacred Triangle",2010-10-18,9.8083,6.8,9
2019,Hard Target,Hard Target,1993-04-27,11.6572,6.5,1287
1075794,Leo,Leo,2023-11-17,10.5982,7.392,1285
25061,Zombie Nation,Zombie Nation,2004-10-05,10.0805,2.787,47
2976,Hairspray,Hairspray,2007-07-19,11.3323,6.7,2563
833206,Screen Test [ST265]: Lou Reed (Eye),Screen Test [ST265]: Lou Reed (Eye),1966-01-01,9.8079,0.0,0
10192,Shrek Forever After,Shrek Forever After,2010-05-20,11.0504,6.391,7727
424889,Norman Television,Norman Television,2016-12-06,9.6994,6.344,32
1079091,It Ends with Us,It Ends with Us,2024-08-07,9.3265,6.972,1763
156135,The Challenge,La Sfida,1958-09-11,10.8315,6.5,19
572802,Aquaman and the Lost Kingdom,Aquaman and the Lost Kingdom,2023-12-20,10.6764,6.565,3286
1930,The Amazing Spider-Man,The Amazing Spider-Man,2012-06-23,12.4835,6.723,18064
312221,Creed,Creed,2015-11-25,10.7074,7.408,7748
424,Schindler's List,Schindler's List,1993-12-15,11.4988,8.566,16883
4348,Pride & Prejudice,Pride & Prejudice,2005-09-16,11.5875,8.1,8490
127585,X-Men: Days of Future Past,X-Men: Days of Future Past,2014-05-15,10.7015,7.527,15886
1163258,12th Fail,12th Fail,2023-08-11,12.9215,7.953,193
45243,The Hangover Part II,The Hangover Part II,2011-05-25,10.8865,6.498,10963
975533,The Archies,द आर्चीज़,2023-12-07,11.6268,5.733,60
209112,Batman v Superman: Dawn of Justice,Batman v Superman: Dawn of Justice,2016-03-23,11.9082,5.988,18610
1363282,The Carman Family Deaths,The Carman Family Deaths,2025-11-18,9.8032,6.6,19
757725,Shadow Force,Shadow Force,2025-05-01,10.6471,6.357,214
859,Dangerous Liaisons,Dangerous Liaisons,1988-12-21,11.091,7.2,1231
18148,Tokyo Story,東京物語,1953-11-03,7.7851,8.2,1160
10610,The Medallion,The Medallion,2003-08-15,10.5186,5.611,1149
268171,Elsa & Fred,Elsa & Fred,2014-03-07,9.6393,6.0,96
15267,The Beast,The Beast,1988-09-14,11.6498,7.003,196
214493,Isis Rising: Curse of the Lady Mummy,Isis Rising: Curse of the Lady Mummy,2013-01-17,9.8421,2.4,18
109418,Grown Ups 2,Grown Ups 2,2013-07-11,9.9781,6.146,4532
1010755,The Strangers: Chapter 3,The Strangers: Chapter 3,2026-02-05,9.7709,0.0,0
76341,Mad Max: Fury Road,Mad Max: Fury Road,2015-05-13,12.0108,7.628,23535
108074,Dagger Eyes,Mystère,1983-11-28,11.6711,5.132,19
1328402,The People In The Walls,The People In The Walls,2024-08-01,11.7205,5.2,6
1373445,V/H/S/Halloween,V/H/S/Halloween,2025-09-19,11.1368,6.292,149
9637,Scooby-Doo,Scooby-Doo,2002-06-14,10.9512,6.094,4642
204082,Homefront,Homefront,2013-11-12,10.2235,6.941,3689
11469,Black Knight,Black Knight,2001-11-21,9.1052,5.351,1154
615173,The Witch: Part 2. The Other One,마녀(魔女) Part2. The Other One,2022-06-15,10.8557,7.348,405
81672,Appassionata,Appassionata,1974-05-22,9.0685,5.7,55
611196,Toxic Puzzle,Toxic Puzzle,2017-04-22,11.8831,0.0,0
91314,Transformers: Age of Extinction,Transformers: Age of Extinction,2014-06-25,10.8298,6.0,8522
1003596,Avengers: Doomsday,Avengers: Doomsday,2026-12-17,11.4463,0.0,0
965979,Dada,டாடா,2023-02-10,10.7615,7.438,16
602063,Rurouni Kenshin: The Final,るろうに剣心 最終章 The Final,2021-04-23,11.399,7.718,520
1302916,Heart Eyes,Heart Eyes,2025-02-06,10.834,6.428,384
1278950,The Ritual,The Ritual,2025-04-18,12.0433,5.919,241
322,Mystic River,Mystic River,2003-10-08,10.6445,7.741,7151
666277,Past Lives,Past Lives,2023-06-02,10.9882,7.717,2097
3933,Corpse Bride,Corpse Bride,2005-09-12,11.035,7.584,9893
840889,Stopmotion,Stopmotion,2024-02-22,11.4626,6.2,199
82507,Sinister,Sinister,2012-03-29,10.7631,6.869,5843
149552,The Assault,The Assault,1998-10-08,11.5788,2.5,2
967,Spartacus,Spartacus,1960-10-13,9.6704,7.535,2289
27579,The American,The American,2010-08-31,10.7767,5.967,1441
1153714,Death of a Unicorn,Death of a Unicorn,2025-03-27,10.3745,6.42,622
916723,What Remains,What Remains,2024-06-21,11.0126,5.8,4
763215,Damsel,Damsel,2024-03-07,11.879,6.997,2600
451048,Jungle Cruise,Jungle Cruise,2021-07-28,10.8791,7.319,5979
926670,Henry Danger: The Movie,Henry Danger: The Movie,2025-01-17,10.5427,7.713,244
289335,Wallander: The Brothers,Bröderna,2005-09-07,10.5815,5.1,16
1352755,Maintenance Required,Maintenance Required,2025-10-07,13.2234,5.857,126
29897,Lady Avenger,Lady Avenger,1988-07-01,10.3794,2.4,8
1327819,Hoppers,Hoppers,2026-03-04,11.3986,0.0,0
18334,Guinea Pig: Devil's Experiment,ギニーピッグ 悪魔の実験,1985-09-04,9.2262,4.8,152
1031084,The Currents,Las corrientes,2026-03-11,9.3744,0.0,0
44264,True Grit,True Grit,2010-12-22,10.2046,7.307,5548
19959,Surrogates,Surrogates,2009-09-24,9.4162,6.139,3320
512195,Red Notice,Red Notice,2021-11-04,10.3485,6.753,6187
1430593,Tinsel Town,Tinsel Town,2025-11-28,10.9723,8.5,2
566525,Shang-Chi and the Legend of the Ten Rings,Shang-Chi and the Legend of the Ten Rings,2021-09-01,9.907,7.504,10044
426063,Nosferatu,Nosferatu,2024-12-25,10.1517,6.7,3262
782,Gattaca,Gattaca,1997-09-07,11.1223,7.561,6684
1161633,Screen Test [ST271]: Lou Reed (Hershey),Screen Test [ST271]: Lou Reed (Hershey),1966-01-01,9.9001,0.0,0
949423,Pearl,Pearl,2022-09-16,10.6332,7.2,2389
1023922,MaXXXine,MaXXXine,2024-07-04,11.0093,6.321,1302
1032765,My Everything,Mon Inséparable,2024-12-25,10.7036,6.375,20
257499,re:solve,决义案,2014-02-27,9.9363,6.5,1
138735,Little Thirteen,Little Thirteen,2012-07-04,10.6516,5.366,41
713364,Clown in a Cornfield,Clown in a Cornfield,2025-05-08,11.5338,6.107,411
919027,An Introduction to Harmolodics,An Introduction to Harmolodics,1995-12-01,9.2596,0.0,0
298077,Ambition,Ambition,2014-10-24,10.1484,6.7,50
587,Big Fish,Big Fish,2003-12-25,10.2834,7.8,7533
149,Akira,AKIRA,1988-06-10,9.9401,7.94,4567
666154,Kayara,Kayara,2025-01-02,11.5604,7.627,106
13179,Tinker Bell,Tinker Bell,2008-09-11,11.6679,6.91,1523
74471,The Dead,The Dead,2010-08-30,10.2493,5.5,185
429,"The Good, the Bad and the Ugly","Il buono, il brutto, il cattivo",1966-12-22,11.5066,8.464,9269
846956,Rogue Agent,Rogue Agent,2022-08-12,11.0853,6.344,241
23629,Sucker Punch,Sucker Punch,2011-03-24,10.1437,6.197,4923
854542,The Den,La tana,2022-04-28,10.6831,5.333,15
65588,Killing Birds,Killing Birds,1988-08-19,8.9949,3.5,50
870028,The Accountant²,The Accountant²,2025-04-23,9.0997,7.119,1482
1331349,Two Pianos,Deux pianos,2025-10-15,11.238,5.2,18
10625,Mean Girls,Mean Girls,2004-04-30,10.0811,7.223,9220
275663,The Three Avengers,打出頭,1979-03-15,10.859,7.9,5
490031,Lou Reed - Lowest Form of Life,Lou Reed - Lowest Form of Life,2009-01-01,9.239,5.0,1
1049265,Lou Reed: Through the Years: New York 1983 - Spain 2004,Lou Reed: Through the Years: New York 1983 - Spain 2004,2008-09-04,9.2844,0.0,0
774370,Dog Man,Dog Man,2025-01-24,12.166,7.6,307
2034,Training Day,Training Day,2001-10-05,9.9404,7.508,6324
1195631,William Tell,William Tell,2025-01-17,10.3599,6.246,189
979251,The Kangaroo Conspiracy,Die Känguru-Verschwörung,2022-08-25,9.7437,6.012,41
446894,Smallfoot,Smallfoot,2018-09-20,8.6654,6.82,1588
386237,Screen Test: Lou Reed (Coke),Screen Test: Lou Reed,1966-01-01,9.4564,6.0,7
532639,Pinocchio,Pinocchio,2022-09-07,10.5006,6.303,1688
72847,The Unfaithful,The Unfaithful,1947-07-01,9.5197,5.833,21
645710,The Voyeurs,The Voyeurs,2021-08-25,11.2978,6.528,1085
334516,Käthe Kruse,Käthe Kruse,2015-04-05,10.3614,6.3,3
899948,The Naulahka,The Naulahka,1918-02-14,5.3032,0.0,0
510,One Flew Over the Cuckoo's Nest,One Flew Over the Cuckoo's Nest,1975-11-19,10.2251,8.413,11060
4638,Hot Fuzz,Hot Fuzz,2007-02-14,11.2453,7.562,8017
213681,Masterminds,Masterminds,2016-09-29,10.64,5.76,1807
1033671,Christmas at Mistletoe Manor,Christmas at Mistletoe Manor,2025-12-07,8.2608,0.0,0
157883,The Velvet Underground in Boston,The Velvet Underground in Boston,1967-02-15,9.303,0.0,0
61985,Westward Ho,Westward Ho,1935-08-19,9.9637,5.3,19
9715,Hope Floats,Hope Floats,1998-05-29,9.2906,6.4,485
810,Shrek the Third,Shrek the Third,2007-05-17,11.7213,6.299,9488
1084736,The Count of Monte Cristo,Le Comte de Monte-Cristo,2024-06-28,11.3694,7.952,1833
9392,The Descent,The Descent,2005-07-08,9.6857,6.971,4209
414906,The Batman,The Batman,2022-03-01,12.6047,7.658,11398
47039,The Rose King,Der Rosenkönig,1986-03-03,10.5012,6.4,19
181283,Child 44,Child 44,2015-03-15,10.532,6.283,1737
85,Raiders of the Lost Ark,Raiders of the Lost Ark,1981-06-12,9.7111,7.922,13205
16577,Astro Boy,Astro Boy,2009-10-15,9.8615,6.322,1596
1180831,Troll 2,Troll 2,2025-12-01,11.8137,5.0,1
48468,Zenitram,Zenitram,2010-05-20,9.6701,5.9,8
298830,The Dorm,The Dorm,2014-10-26,11.5888,4.3,27
840464,Greenland 2: Migration,Greenland 2: Migration,2026-01-07,11.6637,0.0,0
392818,The Transfiguration,The Transfiguration,2016-04-14,12.6677,6.019,134
1100998,SuperKlaus,SuperKlaus,2024-11-01,11.1723,7.1,7
851644,20th Century Girl,20세기 소녀,2022-10-06,9.8583,8.148,775
15506,Agnes Browne,Agnes Browne,1999-11-08,10.204,6.197,32
66194,Deadtime Stories,Deadtime Stories,1986-04-13,10.205,4.9,71
290098,The Handmaiden,아가씨,2016-06-01,9.8148,8.2,4102
1074583,"Patti Smith at Anthology Film Archives Febr. 19, 1998","Patti Smith at Anthology Film Archives Febr. 19, 1998",1998-12-31,9.5327,0.0,0
1288072,Keeper,Keeper,2025-11-12,9.7257,4.7,18
115290,Blue Lagoon: The Awakening,Blue Lagoon: The Awakening,2012-06-16,9.9544,6.445,1473
160478,Divine Words,Divinas palabras,1987-09-15,10.0582,5.0,9
13971,Wild Child,Wild Child,2008-08-15,10.5229,6.7,1883
818397,Memory,Memory,2022-04-28,10.7498,6.746,1597
483906,Polar,Polar,2019-01-25,10.837,6.34,2380
49292,Animal Instincts,Animal Instincts,1992-10-21,10.048,4.9,47
9279,Jingle All the Way,Jingle All the Way,1996-11-21,10.7298,6.1,2819
1317149,I Swear,I Swear,2025-09-22,11.4634,7.9,15
10954,Farinelli,Farinelli,1994-12-01,9.9743,6.572,180
79698,The Lovers,The Lovers,2015-03-13,9.7519,4.787,75
698687,Transformers One,Transformers One,2024-09-11,9.967,8.023,1454
940721,Godzilla Minus One,ゴジラ-1.0,2023-11-03,11.1988,7.6,2891
26675,The Outing,The Outing,1987-09-11,10.8514,5.0,72
613178,Shadow Wolves,Shadow Wolves,2019-07-02,10.045,5.4,20
1071215,Thanksgiving,Thanksgiving,2023-11-16,10.372,6.489,1464
95549,Martin Roumagnac,Martin Roumagnac,1946-12-18,9.4872,6.6,18
291151,The Stranger,The Stranger,2014-06-12,10.425,4.728,101
406759,Moonfall,Moonfall,2022-02-02,9.8298,6.264,3402
1149167,High Rollers,High Rollers,2025-03-14,10.6832,6.382,72
39916,Contamination,Contamination,1980-08-02,10.0534,5.2,140
22985,The Prowler,The Prowler,1951-05-25,9.5864,6.8,90
11466,Slim Susie,Smala Sussie,2003-10-03,10.7809,6.714,84
499930,Black Circle,Svart cirkel,2019-08-23,10.9361,5.5,11
175168,Rape Zombie: Lust of the Dead,レイプゾンビ LUST OF THE DEAD,2012-07-13,9.4111,6.5,239
1294698,Case 137,Dossier 137,2025-11-19,10.6394,6.766,47
85589,Zero Kelvin,Kjærlighetens kjøtere,1995-09-29,9.5378,6.444,45
1241921,A Big Bold Beautiful Journey,A Big Bold Beautiful Journey,2025-09-17,11.733,6.291,222
43749,Wolf Girl,Wolf Girl,2001-09-21,10.4187,5.015,33
435615,Possessor,Possessor,2020-10-02,10.5708,6.395,985
27374,Lake Mungo,Lake Mungo,2009-07-30,11.7543,6.2,633
9631,The Negotiator,The Negotiator,1998-07-29,10.111,7.103,2269
11975,The Rainmaker,The Rainmaker,1997-11-18,9.9698,7.023,1406
484886,Singularity,Singularity,2017-11-24,9.1046,3.647,217
522681,Escape Room,Escape Room,2019-01-03,10.1547,6.542,4905
485811,Redcon-1,Redcon-1,2018-09-07,10.4926,5.7,325
319998,Sworn Virgin,Vergine giurata,2015-03-19,9.7396,5.6,59
13461,Melissa P.,Melissa P.,2005-11-18,10.3034,4.6,581
1252382,Tyler Perry's Finding Joy,Tyler Perry's Finding Joy,2025-11-05,10.3932,6.5,28
517940,Euphoria,Euforia,2018-10-25,9.7385,6.475,202
478502,One Last Deal,Tuntematon mestari,2019-01-04,9.119,6.667,30
34851,Predators,Predators,2010-07-07,12.5588,6.295,4423
11836,The SpongeBob SquarePants Movie,The SpongeBob SquarePants Movie,2004-11-19,10.6235,7.057,3073
549053,Last Christmas,Last Christmas,2019-11-07,10.0934,7.208,2514
401732,Delirium,Delirium,2018-01-19,10.0385,4.735,49
49018,Insidious,Insidious,2011-03-31,10.11,6.942,7117
778027,Corsicana,Corsicana,2022-08-26,9.2787,4.0,6
36557,Casino Royale,Casino Royale,2006-11-14,11.7252,7.567,11281
491854,Foxtrot Six,Foxtrot Six,2019-02-21,10.086,6.2,48
997113,Hedda,Hedda,2025-10-22,10.8043,5.1,58
331068,Furby Island,Furby Island,2005-01-02,11.092,4.0,3
293660,Deadpool,Deadpool,2016-02-09,10.8578,7.622,32099
7516,Smokin' Aces,Smokin' Aces,2006-12-09,10.8472,6.482,1753
17654,District 9,District 9,2009-08-05,9.9143,7.456,10000
537971,Mia,Mia,2017-12-17,9.5181,6.138,29
74,War of the Worlds,War of the Worlds,2005-06-28,9.5285,6.527,8850
8920,Garfield,Garfield,2004-06-10,11.4587,5.73,4161
1371727,Sing: Thriller,Sing: Thriller,2024-10-15,10.9705,7.195,192
676839,Human Animals,Animales humanos,2020-12-12,10.2615,6.778,72
269955,Obsessed,인간중독,2014-05-14,10.8761,6.682,77
403100,Scared Topless,Scared Topless,2015-10-01,9.7321,4.293,29
67077,The Plane Tree,Çınar Ağacı,2011-03-18,9.0965,6.3,15
1262599,Dayo,Dayo,2024-04-19,10.2752,4.4,5
8467,Dumb and Dumber,Dumb and Dumber,1994-12-16,9.6247,6.64,6468
162284,Guilty Hands,Guilty Hands,1931-08-22,10.0015,5.8,13
395817,The Thicket,The Thicket,2024-09-05,10.6079,6.5,131
580489,Venom: Let There Be Carnage,Venom: Let There Be Carnage,2021-09-30,10.6975,6.759,10879
1411,The Rapture,The Rapture,1991-10-04,9.0898,5.8,90
471493,Ryde,Ryde,2017-09-15,9.8695,4.4,95
464678,The Rachels,The Rachels,2017-01-15,9.8904,5.919,31
11220,Fallen Angels,墮落天使,1995-09-06,9.6517,7.7,1207
770,Gone with the Wind,Gone with the Wind,1939-12-15,9.7276,7.925,4233
369892,CSI: Immortality,CSI: Immortality,2015-09-27,9.2551,7.2,66
1017163,The Roundup: Punishment,범죄도시 4,2024-04-24,9.9903,7.09,205
11536,The Misfits,The Misfits,1961-02-01,10.641,6.948,410
412117,The Secret Life of Pets 2,The Secret Life of Pets 2,2019-05-24,10.0482,6.948,3235
670367,Legacy,Urma,2020-03-06,9.7058,6.111,9
718579,Every Woman's Longing,Die Sehnsucht jeder Frau,1930-05-17,4.9765,0.0,0
