tmdb_id,title,original_title,release_date,budget,revenue,runtime
1084242,Zootopia 2,Zootopia 2,2025-11-26,150000000,556400000,107
1033462,Bureau 749,749局,2024-10-01,0,51706251,123
1419406,The Shadow's Edge,捕风追影,2025-08-16,0,174400000,142
1309012,Altered,Altered,2025-09-18,15000000,0,85
1363123,The Family Plan 2,The Family Plan 2,2025-11-11,0,0,106
1448560,Wildcat,Wildcat,2025-11-19,0,0,99
967941,Wicked: For Good,Wicked: For Good,2025-11-19,150000000,393258920,137
1196573,She Rides Shotgun,She Rides Shotgun,2025-07-31,0,23443,120
949709,High Forces,危机航线,2024-09-29,0,41923655,115
1246049,Dracula,Dracula,2025-07-30,52000000,25788866,130
1062722,Frankenstein,Frankenstein,2025-10-17,120000000,480678,150
1469354,Border Hunters,Border Hunters,2025-10-20,0,0,82
1208561,Art of Eight Limbs,Art of Eight Limbs,2024-08-16,0,0,101
1242898,Predator: Badlands,Predator: Badlands,2025-11-05,105000000,160221424,107
755898,War of the Worlds,War of the Worlds,2025-07-29,0,0,91
1433719,High Ground,High Ground,2025-03-17,0,0,92
1116465,A Legend,传说,2024-07-05,0,11242056,129
1539104,JUJUTSU KAISEN: Execution -Shibuya Incident x The Culling Game Begins-,劇場版 呪術廻戦「渋谷事変 特別編集版」×「死滅回游 先行上映」,2025-11-07,0,0,88
701387,Bugonia,Bugonia,2025-10-23,50000000,32857834,119
1054867,One Battle After Another,One Battle After Another,2025-09-23,130000000,201175005,162
203101,High School of the Dead: Drifters of the Dead,学園黙示録 HIGHSCHOOL OF THE DEAD ドリフターズ・オブ・ザ・デッド,2011-04-25,0,0,18
1311031,Demon Slayer: Kimetsu no Yaiba Infinity Castle,劇場版「鬼滅の刃」無限城編 第一章 猗窩座再来,2025-07-18,20000000,740400000,156
425274,Now You See Me: Now You Don't,Now You See Me: Now You Don't,2025-11-12,90000000,146060630,112
269149,Zootopia,Zootopia,2016-02-11,150000000,1025521689,109
1327862,Regretting You,Regretting You,2025-10-22,30000000,83106420,116
1248226,Playdate,Playdate,2025-11-05,0,0,93
803796,KPop Demon Hunters,KPop Demon Hunters,2025-06-20,100000000,24619953,96
1426968,The Gentleman,Ya no quedan junglas,2025-09-26,0,0,89
1197137,Black Phone 2,Black Phone 2,2025-10-15,30000000,130515847,114
1130276,Succubus,Succubus,2024-10-06,0,0,103
1218925,Chainsaw Man - The Movie: Reze Arc,チェンソーマン レゼ篇,2025-09-19,4100000,168300000,100
1244531,Beast of War,Beast of War,2025-09-18,0,186472,87
1481331,Nahual,Nahual,2025-02-06,0,0,98
1128650,The Prosecutor,誤判,2024-12-08,38500000,128093757,117
1026821,The Storm,大雨,2024-01-12,0,0,102
1084222,Operation Blood Hunt,Operation Blood Hunt,2024-12-12,0,0,94
1522377,Two Worlds One Wish,İki Dünya Bir Dilek,2025-11-24,0,0,118
1237082,31 Minutes: One Hot Christmas,31 Minutos: Calurosa Navidad,2025-11-19,0,0,91
1241983,Train Dreams,Train Dreams,2025-11-05,10000000,0,102
402431,Wicked,Wicked,2024-11-20,150000000,758737211,162
617126,The Fantastic 4: First Steps,The Fantastic 4: First Steps,2025-07-23,200000000,521858728,115
1218762,Jingle Bell Heist,Jingle Bell Heist,2025-11-25,0,0,96
1296504,Stand Your Ground,Stand Your Ground,2025-05-09,0,0,100
1038392,The Conjuring: Last Rites,The Conjuring: Last Rites,2025-09-03,55000000,494399411,136
1468417,First Moon,First Moon,2025-05-06,0,0,97
1280518,Laberinto de sombras,Laberinto de sombras,2024-05-10,0,0,0
937941,Shelby Oaks,Shelby Oaks,2025-10-02,1400000,2350523,91
1377505,Spithood,Spithood,2024-10-25,0,0,58
575265,Mission: Impossible - The Final Reckoning,Mission: Impossible - The Final Reckoning,2025-05-17,400000000,598056261,170
1223601,Sisu: Road to Revenge,Sisu 2,2025-10-21,12200000,5708490,89
7451,xXx,xXx,2002-08-09,70000000,277448382,124
1429520,Sidelined 2: Intercepted,Sidelined 2: Intercepted,2025-11-27,0,0,100
1550797,Prep & Landing: The Snowball Protocol,Prep & Landing: The Snowball Protocol,2025-11-27,0,0,22
1013495,Late Winter,Invierno tardío,2022-08-18,340,0,21
764523,The Visitor,El visitante,2022-06-11,0,0,85
1242419,Roofman,Roofman,2025-10-08,18000000,28918350,126
1299655,Blue Moon,Blue Moon,2025-10-17,0,0,100
1320414,The Witness,The Witness,2025-04-04,0,0,100
1161617,Code 3,Code 3,2025-09-12,0,12140,100
1061474,Superman,Superman,2025-07-09,225000000,615800000,130
1234821,Jurassic World Rebirth,Jurassic World Rebirth,2025-07-01,180000000,868878422,134
24428,The Avengers,The Avengers,2012-04-25,220000000,1518815515,143
798645,The Running Man,The Running Man,2025-11-11,110000000,48267967,133
83533,Avatar: Fire and Ash,Avatar: Fire and Ash,2025-12-17,250000000,0,192
1010581,My Fault,Culpa mía,2023-06-08,0,0,117
1511789,Captain Hook: The Cursed Tides,Captain Hook: The Cursed Tides,2025-07-11,0,0,90
1021591,Desconocido,Desconocido,2022-10-13,3000,0,17
1214140,Monster Island,Orang Ikan,2025-05-08,0,0,83
793387,Holy Night: Demon Hunters,거룩한 밤: 데몬 헌터스,2025-04-30,0,6500000,92
911430,F1,F1,2025-06-25,250000000,626222234,156
1429738,Tee Yai: Born to Be Bad,ตี๋ใหญ่ ฤกษ์ดาวโจร,2025-11-12,0,0,117
957119,Sidelined: The QB and Me,Sidelined: The QB and Me,2025-02-06,0,2,99
1156594,Our Fault,Culpa nuestra,2025-10-15,0,0,112
1025527,Abyss,Six jours,2024-12-11,0,0,95
81467,Laura's Toys,Laura's Toys,1975-01-01,0,0,103
1175942,The Bad Guys 2,The Bad Guys 2,2025-07-24,80000000,224738330,104
1087192,How to Train Your Dragon,How to Train Your Dragon,2025-06-06,150000000,635213100,125
1125122,Nélida,Nélida,2023-04-16,0,0,18
1214130,Stitch Head,Stitch Head,2025-10-16,34800000,3455841,92
157336,Interstellar,Interstellar,2014-11-05,165000000,746606706,169
639988,No Other Choice,어쩔수가없다,2025-09-24,12200000,20072255,139
1265063,After the Hunt,After the Hunt,2025-10-09,80000000,9299531,139
278,The Shawshank Redemption,The Shawshank Redemption,1994-09-23,25000000,28341469,142
1134278,Pacific Fear,Maraé,2024-07-11,0,0,89
224526,Deceptions,Deceptions,1990-09-29,0,0,95
1215106,Ko Ga Loak Village,หมู่บ้านโคกะโหลก,2025-11-06,0,0,99
1029575,The Family Plan,The Family Plan,2023-12-14,0,0,118
1572087,Girls,Girls,1919-06-29,0,0,50
1280450,Stolen Girl,Stolen Girl,2025-09-04,26000000,92691,110
549319,Christmas Everlasting,Christmas Everlasting,2018-11-24,0,0,84
1403735,Laila,లైలా,2025-02-14,0,0,134
812583,Wake Up Dead Man: A Knives Out Mystery,Wake Up Dead Man: A Knives Out Mystery,2025-11-26,210000000,4000000,145
1007734,Nobody 2,Nobody 2,2025-08-13,25000000,38802325,89
106,Predator,Predator,1987-06-12,15000000,98267558,107
1266990,Kulong,Kulong,2024-05-24,0,0,48
1284120,The Ugly Stepsister,Den stygge stesøsteren,2025-03-07,4250000,5325096,109
62201,Shahenshah,शहँशाह,1988-01-29,0,0,180
1142101,ClearMind,ClearMind,2024-02-03,0,0,85
1316147,Grand Prix of Europe,Grand Prix of Europe,2025-07-24,0,2917068,98
12662,Psycho III,Psycho III,1986-04-02,8400000,14481606,93
90187,La Orca,La orca,1976-06-01,0,0,90
1305717,Hunting Grounds,Hunting Grounds,2025-05-16,0,0,89
1035259,The Naked Gun,The Naked Gun,2025-07-30,42000000,102147396,85
861451,Martin,Martin,2024-10-11,17647000,3247000,147
1257009,Primitive War,Primitive War,2025-08-21,0,217753,133
632318,Alelí,Alelí,2019-10-02,0,0,88
533533,TRON: Ares,TRON: Ares,2025-10-08,180000000,142073994,119
552524,Lilo & Stitch,Lilo & Stitch,2025-05-17,100000000,1037247842,108
1010756,The Strangers: Chapter 2,The Strangers: Chapter 2,2025-09-25,8000000,21855027,98
980477,Ne Zha 2,哪吒之魔童闹海,2025-01-29,80000000,2150000000,144
8871,How the Grinch Stole Christmas,How the Grinch Stole Christmas,2000-11-17,123000000,345800000,104
474350,It Chapter Two,It Chapter Two,2019-09-04,79000000,473123154,169
1022787,Elio,Elio,2025-06-18,150000000,153797125,98
1022789,Inside Out 2,Inside Out 2,2024-06-11,200000000,1698863816,97
518749,The Snatch Thief,El motoarrebatador,2018-06-07,0,0,94
1583907,Zootopia: Better Zoogether,Zootopia: Better Zoogether,2025-11-07,0,0,9
541671,Ballerina,Ballerina,2025-06-04,90000000,137258395,125
597,Titanic,Titanic,1997-11-18,200000000,2264162353,194
507244,Afterburn,Afterburn,2025-08-20,60000000,184758,105
1117857,In Your Dreams,In Your Dreams,2025-11-07,0,0,87
1214931,Nuremberg,Nuremberg,2025-11-06,11800000,10962391,148
950387,A Minecraft Movie,A Minecraft Movie,2025-03-31,150000000,957949195,101
372058,Your Name.,君の名は。,2016-08-26,0,358000000,106
76600,Avatar: The Way of Water,Avatar: The Way of Water,2022-12-14,350000000,2330224914,192
133382,Lackawanna Blues,Lackawanna Blues,2005-02-12,0,0,95
1096563,End of Loyalty,End of Loyalty,2023-03-07,0,0,90
1291040,Mrs. Christmas,Natale senza Babbo,2025-11-26,0,0,116
1219158,Lover,லவ்வர்,2024-02-07,0,0,145
604079,The Long Walk,The Long Walk,2025-09-10,20000000,54054069,108
1396371,Les irresponsables,Les irresponsables,2025-07-24,0,0,93
1149535,Isaac Littlefeathers,Isaac Littlefeathers,1984-12-07,1700000,0,100
1210732,How to Make a Killing,Un ours dans le Jura,2025-01-01,0,10867970,109
10483,Death Race,Death Race,2008-08-22,45000000,76000000,105
1186350,Marco,മാർക്കോ,2024-12-20,3467000,11559000,145
417575,Postponed,Postponed,2016-08-29,0,0,17
1280282,Gabby's Dollhouse: The Movie,Gabby's Dollhouse: The Movie,2025-09-13,32000000,67600000,98
455240,Nerve,Nerve,2011-12-07,27500,0,83
346364,It,It,2017-09-06,35000000,704242888,135
1229910,Kryptic,Kryptic,2025-06-09,0,0,96
1053987,Witchy Ways,Witchy Ways,2024-09-13,0,0,98
1241982,Moana 2,Moana 2,2024-11-21,150000000,1059242164,100
489607,Red Shirley,Red Shirley,2010-04-20,0,0,28
77250,The Hurricane,The Hurricane,1937-11-09,2000000,0,104
1132959,Bunker Hill,Bunker Hill,2009-11-27,0,0,46
1323475,Champagne Problems,Champagne Problems,2025-11-18,0,0,99
1078605,Weapons,Weapons,2025-08-04,38000000,265894217,129
671,Harry Potter and the Philosopher's Stone,Harry Potter and the Philosopher's Stone,2001-11-16,125000000,976475550,152
1009640,Valiant One,Valiant One,2025-01-30,10000000,1236630,86
155,The Dark Knight,The Dark Knight,2008-07-16,185000000,1004558444,152
535809,A Shoe Addict's Christmas,A Shoe Addict's Christmas,2018-11-25,0,0,90
574475,Final Destination Bloodlines,Final Destination Bloodlines,2025-05-14,50000000,315630814,110
808972,Norma,Norma,2023-10-19,0,0,93
1072699,Inside Furioza,Druga Furioza,2025-10-14,0,0,166
533535,Deadpool & Wolverine,Deadpool & Wolverine,2024-07-24,200000000,1338073645,128
749170,Heads of State,Heads of State,2025-06-24,100,0,117
1228246,Five Nights at Freddy's 2,Five Nights at Freddy's 2,2025-12-03,51000000,0,104
36648,Blade: Trinity,Blade: Trinity,2004-12-08,65000000,128905366,123
19995,Avatar,Avatar,2009-12-15,237000000,2923706026,162
21024,Roadie,Roadie,1980-06-13,4700000,4226370,106
1425122,A Very Jonas Christmas Movie,A Very Jonas Christmas Movie,2025-11-10,0,0,78
1517874,November,Noviembre,2025-10-02,0,0,78
772,Home Alone 2: Lost in New York,Home Alone 2: Lost in New York,1992-11-15,18000000,358994850,120
1287571,Agak Laen: Menyala Pantiku!,Agak Laen: Menyala Pantiku!,2025-11-27,0,0,119
120,The Lord of the Rings: The Fellowship of the Ring,The Lord of the Rings: The Fellowship of the Ring,2001-12-18,93000000,871368364,179
338969,The Toxic Avenger Unrated,The Toxic Avenger Unrated,2025-08-28,0,3328938,102
846369,Perfect Day,Perfect Day,2007-01-01,0,0,8
941109,Play Dirty,Play Dirty,2025-09-30,2500000,0,125
1580027,The Man Without a Face,The Man Without a Face,1928-01-15,0,0,200
238,The Godfather,The Godfather,1972-03-14,6000000,245066411,175
950396,The Gorge,The Gorge,2025-02-13,70000000,0,128
27205,Inception,Inception,2010-07-15,160000000,839030630,148
674,Harry Potter and the Goblet of Fire,Harry Potter and the Goblet of Fire,2005-11-16,150000000,895921036,157
945906,Galathea,Galathea,1922-10-22,0,0,0
66245,Arunachalam,அருணாச்சலம்,1997-04-10,0,0,165
1376434,Predator: Killer of Killers,Predator: Killer of Killers,2025-06-05,0,0,85
106646,The Wolf of Wall Street,The Wolf of Wall Street,2013-12-25,100000000,407038432,180
1125257,Freakier Friday,Freakier Friday,2025-08-06,42000000,152889065,110
845781,Red One,Red One,2024-10-31,250000000,185700759,124
1580234,Akin Ang Gabi,Akin Ang Gabi,2025-11-21,0,0,70
1003348,The Doctor Down Under,The Doctor Down Under,2004-12-01,0,0,51
801945,Final Weapon,Final Weapon,,0,0,15
1107216,Pets on a Train,Falcon Express,2025-07-02,0,3082436,87
1119878,Ice Road: Vengeance,Ice Road: Vengeance,2025-06-27,0,0,113
119592,Nightmare Weekend,Nightmare Weekend,1986-05-12,0,0,86
1197306,A Working Man,A Working Man,2025-03-26,40000000,99068160,116
939243,Sonic the Hedgehog 3,Sonic the Hedgehog 3,2024-12-19,122000000,492162604,110
122,The Lord of the Rings: The Return of the King,The Lord of the Rings: The Return of the King,2003-12-17,94000000,1118888979,201
75656,Now You See Me,Now You See Me,2013-05-29,75000000,351723989,116
1238379,The Best You Can,The Best You Can,2025-06-07,0,0,103
1071585,M3GAN 2.0,M3GAN 2.0,2025-06-25,25000000,39085942,120
1081208,The Dogs,The Dogs,2025-06-13,0,0,97
673,Harry Potter and the Prisoner of Azkaban,Harry Potter and the Prisoner of Azkaban,2004-05-31,130000000,789804554,141
507089,Five Nights at Freddy's,Five Nights at Freddy's,2023-10-25,20000000,297144130,110
1401052,Tenung,Tenung,2025-06-05,0,0,92
1519168,The Jester 2,The Jester 2,2025-09-15,0,146237,87
672,Harry Potter and the Chamber of Secrets,Harry Potter and the Chamber of Secrets,2002-11-13,100000000,876688482,161
145341,Colonel Kwiatkowski,Pułkownik Kwiatkowski,1996-05-10,0,0,123
1241742,EKS,EKS,2024-03-01,0,0,119
1233413,Sinners,Sinners,2025-04-16,90000000,365878513,138
299536,Avengers: Infinity War,Avengers: Infinity War,2018-04-25,300000000,2052415039,149
1144095,Road to Theobald,Camino a Theobald,,0,0,15
1475189,Family Disaster,Desastre en familia,2025-09-25,0,0,0
1267319,Mantis,사마귀,2025-09-26,0,0,113
986056,Thunderbolts*,Thunderbolts*,2025-04-30,180000000,382436917,127
634649,Spider-Man: No Way Home,Spider-Man: No Way Home,2021-12-15,200000000,1921847111,148
675,Harry Potter and the Order of the Phoenix,Harry Potter and the Order of the Phoenix,2007-07-08,150000000,938212738,138
502356,The Super Mario Bros. Movie,The Super Mario Bros. Movie,2023-04-05,100000000,1362000000,93
1267905,The Roses,The Roses,2025-08-27,30600000,51498093,105
808,Shrek,Shrek,2001-05-18,60000000,488628188,90
1401318,A Merry Little Ex-Mas,A Merry Little Ex-Mas,2025-11-12,0,0,91
748881,Other special desires,Altri Desideri Particolari,1983-05-14,0,0,88
760329,The Smashing Machine,The Smashing Machine,2025-10-01,50000000,10057115,123
1208348,Rental Family,Rental Family,2025-11-20,0,3336147,110
539972,Kraven the Hunter,Kraven the Hunter,2024-12-11,130000000,62076533,127
482600,Japanese Mom,일본 엄마,2017-02-09,0,0,91
1269173,Amityville A.I.,Amityville A.I.,2024-12-01,4735,0,70
496243,Parasite,기생충,2019-05-30,11363000,257591776,133
63319,Belle épine,Belle épine,2010-11-10,0,0,80
277355,Everly,Everly,2015-02-26,0,358156,93
1011477,Karate Kid: Legends,Karate Kid: Legends,2025-05-08,45000000,105456077,94
1086910,The Lost Princess,The Lost Princess,2025-10-16,0,0,105
150689,Cinderella,Cinderella,2015-03-06,95000000,543514353,105
1242501,Icefall,Icefall,2025-10-16,0,0,99
1084199,Companion,Companion,2025-01-22,10000000,36809101,97
840326,Sisu,Sisu,2022-09-09,6600000,14281199,91
986206,Night Carnage,Night Carnage,2025-07-29,0,0,80
1357886,Django Undisputed,Django Undisputed,2024-04-22,3,0,84
519182,Despicable Me 4,Despicable Me 4,2024-06-20,100000000,969597394,94
550,Fight Club,Fight Club,1999-10-15,63000000,100853753,139
999075,Left-Handed Girl,左撇子女孩,2025-09-17,0,0,109
360920,The Grinch,The Grinch,2018-11-08,75000000,508600000,85
488968,Sree Hari Hara Sudhan Swami Ayyappan,Sree Hari Hara Sudhan Swami Ayyappan,2017-04-17,0,0,80
354912,Coco,Coco,2017-10-27,175000000,814641172,105
1151031,Bring Her Back,Bring Her Back,2025-05-28,15000000,39123752,104
933260,The Substance,The Substance,2024-09-07,17500000,76506196,141
13494,Red Sonja,Red Sonja,2025-07-31,0,265091,111
1245347,Twinless,Twinless,2025-09-04,2000000,1390057,100
1290159,A House of Dynamite,A House of Dynamite,2025-10-02,0,181125,112
762509,Mufasa: The Lion King,Mufasa: The Lion King,2024-12-18,200000000,722631756,118
603,The Matrix,The Matrix,1999-03-31,63000000,463517383,136
1304434,Nobody,浪浪山小妖怪,2025-08-02,0,215367669,118
912649,Venom: The Last Dance,Venom: The Last Dance,2024-10-22,120000000,478937618,109
1330421,Bone Lake,Bone Lake,2025-10-02,1000000,1688650,94
8915,Amelia,Amelia,2009-10-22,40000000,19643086,111
823219,Flow,Straume,2024-08-29,3700000,17660107,85
13,Forrest Gump,Forrest Gump,1994-06-23,55000000,677387716,142
14400,The Heir Apparent: Largo Winch,Largo Winch,2008-12-17,25400000,17100000,108
1269021,Wake,Wake,2024-05-23,0,0,85
615457,Nobody,Nobody,2021-03-18,16000000,57512470,91
381553,Seven Devils,Seven Devils,2015-05-01,0,0,97
361743,Top Gun: Maverick,Top Gun: Maverick,2022-05-21,170000000,1488732821,131
1235746,Dead of Winter,Dead of Winter,2025-09-23,0,1030111,98
109445,Frozen,Frozen,2013-11-20,150000000,1274219009,102
291805,Now You See Me 2,Now You See Me 2,2016-06-02,120000000,334897606,129
10138,Iron Man 2,Iron Man 2,2010-04-28,200000000,623933331,124
1328803,Prisoner of War,Prisoner of War,2025-09-19,2000000,0,113
986097,HIM,HIM,2025-09-18,27000000,27601423,96
1310672,Fuuto PI: The Portrait of Kamen Rider Skull,風都探偵 仮面ライダースカルの肖像,2024-11-08,0,0,82
756999,The Black Phone,The Black Phone,2022-06-16,16000000,161441914,103
2062,Ratatouille,Ratatouille,2007-06-28,150000000,623726000,111
12444,Harry Potter and the Deathly Hallows: Part 1,Harry Potter and the Deathly Hallows: Part 1,2010-11-17,250000000,954305868,146
1339730,Cuando yo existía,Cuando yo existía,,0,0,0
767,Harry Potter and the Half-Blood Prince,Harry Potter and the Half-Blood Prince,2009-07-15,250000000,933959197,153
425,Ice Age,Ice Age,2002-03-14,59000000,383257136,81
127139,Playtime,Playtime,1995-05-23,0,0,98
1355666,Love Untangled,고백의 역사,2025-08-28,0,0,121
1126166,Flight Risk,Flight Risk,2025-01-22,25000000,48701987,91
822119,Captain America: Brave New World,Captain America: Brave New World,2025-02-12,180000000,415101577,119
823464,Godzilla x Kong: The New Empire,Godzilla x Kong: The New Empire,2024-03-27,150000000,571750016,115
1404791,Dollhouse,ドールハウス,2025-06-13,0,11547839,110
936108,Smurfs,Smurfs,2025-07-05,58000000,124157356,89
1581099,Kevin Hart: Acting My Age,Kevin Hart: Acting My Age,2025-11-23,0,0,66
1382406,Striking Rescue,惊天大营救,2024-12-05,0,0,106
9470,Kung Fu Hustle,功夫,2004-02-10,20000000,102034104,99
411,"The Chronicles of Narnia: The Lion, the Witch and the Wardrobe","The Chronicles of Narnia: The Lion, the Witch and the Wardrobe",2005-12-07,180000000,745013115,143
1422096,Good Boy,Good Boy,2025-10-01,70000,8770110,73
862,Toy Story,Toy Story,1995-11-22,30000000,394436586,81
198663,The Maze Runner,The Maze Runner,2014-09-10,34000000,348319861,113
680,Pulp Fiction,Pulp Fiction,1994-09-10,8000000,213928762,154
14836,Coraline,Coraline,2009-02-05,60000000,185860104,100
615453,Ne Zha,哪吒之魔童降世,2019-07-26,22000000,742718496,110
438631,Dune,Dune,2021-09-15,165000000,407573628,155
1184918,The Wild Robot,The Wild Robot,2024-09-12,78000000,331982078,102
472744,The Gateway,The Gateway,2018-05-03,1328931,0,90
1241634,Saiyaara,सैयारा,2025-07-18,5500000,63539300,150
122783,Lovely,Lovely,2012-03-30,0,0,148
1086260,The Astronaut,The Astronaut,2025-09-26,0,0,90
48186,The Boy Who Cried Werewolf,The Boy Who Cried Werewolf,2010-10-22,0,0,86
1160360,If I Had Legs I'd Kick You,If I Had Legs I'd Kick You,2025-10-10,0,21263,113
12445,Harry Potter and the Deathly Hallows: Part 2,Harry Potter and the Deathly Hallows: Part 2,2011-07-12,125000000,1341511219,130
872585,Oppenheimer,Oppenheimer,2023-07-19,100000000,952000000,181
1496735,Genshin Impact: Star Odyssey,原神：尘间星旅,2025-06-12,0,0,3
56379,Beach House,Casotto,1977-10-27,0,0,106
8831,Timecop,Timecop,1994-09-15,28000000,128953581,98
766507,Prey,Prey,2022-08-02,65000000,0,100
569094,Spider-Man: Across the Spider-Verse,Spider-Man: Across the Spider-Verse,2023-05-31,100000000,690897910,140
1135303,The Senior,The Senior,2025-09-18,1050000,4480301,99
1156593,Your Fault,Culpa tuya,2024-12-26,0,0,118
14160,Up,Up,2009-05-28,175000000,735103954,96
497,The Green Mile,The Green Mile,1999-12-10,60000000,286801374,189
637,Life Is Beautiful,La vita è bella,1997-12-20,20000000,230098753,116
1285965,Dangerous Animals,Dangerous Animals,2025-06-05,2000000,4569549,98
652,Troy,Troy,2004-05-13,175000000,497409852,163
121,The Lord of the Rings: The Two Towers,The Lord of the Rings: The Two Towers,2002-12-18,79000000,926287400,179
508422,Penguin Highway,ペンギン・ハイウェイ,2018-08-17,0,3902796,118
385687,Fast X,Fast X,2023-05-17,340000000,704709660,142
579974,RRR,రౌద్రం రణం రుధిరం,2022-03-24,69000000,160000000,185
5255,The Polar Express,The Polar Express,2004-11-10,165000000,318432432,100
216015,Fifty Shades of Grey,Fifty Shades of Grey,2015-02-11,40000000,569651467,125
1470086,Ligaw,Ligaw,2025-05-09,0,0,85
829557,365 Days: This Day,365 dni: Ten dzień,2022-04-26,0,0,111
240,The Godfather Part II,The Godfather Part II,1974-12-20,13000000,102600000,202
285,Pirates of the Caribbean: At World's End,Pirates of the Caribbean: At World's End,2007-05-19,300000000,961691209,169
14635,The Rookie,The Rookie,2002-03-25,20000000,75597042,127
146949,Marine Battleground,돌아오지 않는 해병,1963-04-11,0,0,110
1319895,Hostile Takeover,Hostile Takeover,2025-08-08,0,0,89
1561969,Baramulla,बारामूला,2025-11-06,0,0,120
1299209,The Son of a Thousand Men,O Filho de Mil Homens,2025-10-30,0,0,126
1109086,War 2,वॉर 2,2025-08-13,47000000,3096145,173
438695,Sing 2,Sing 2,2021-12-01,85000000,408402685,110
98,Gladiator,Gladiator,2000-05-04,103000000,465516248,155
319691,An Advent Concert of Music by Bach,An Advent Concert of Music by Bach,2003-10-14,0,0,0
58,Pirates of the Caribbean: Dead Man's Chest,Pirates of the Caribbean: Dead Man's Chest,2006-07-06,200000000,1066179747,151
1064213,Anora,Anora,2024-10-14,6000000,56286295,139
583903,Our Friend,Our Friend,2019-09-04,0,0,124
693134,Dune: Part Two,Dune: Part Two,2024-02-27,190000000,714844358,167
786892,Furiosa: A Mad Max Saga,Furiosa: A Mad Max Saga,2024-05-22,168000000,174287546,149
1198426,Captain Avispa,Capitán Avispa,2024-04-04,0,0,88
624860,The Matrix Resurrections,The Matrix Resurrections,2021-12-16,190000000,156497322,147
131631,The Hunger Games: Mockingjay - Part 1,The Hunger Games: Mockingjay - Part 1,2014-11-19,125000000,755356711,123
1126336,Anniversary,Anniversary,2025-10-29,0,0,111
550988,Free Guy,Free Guy,2021-08-11,110000000,331526598,115
9806,The Incredibles,The Incredibles,2004-11-05,92000000,631442092,115
1422166,The Age of Disclosure,The Age of Disclosure,2025-11-21,0,0,109
937278,A Man Called Otto,A Man Called Otto,2022-12-28,50000000,108961677,126
142254,Jeanne Eagels,Jeanne Eagels,1957-08-02,0,0,109
346698,Barbie,Barbie,2023-07-19,145000000,1447138421,114
575264,Mission: Impossible - Dead Reckoning Part One,Mission: Impossible - Dead Reckoning Part One,2023-07-08,291000000,571125435,164
1100988,28 Years Later,28 Years Later,2025-06-18,60000000,151289671,115
156022,The Equalizer,The Equalizer,2014-09-24,55000000,192330738,132
1242011,Together,Together,2025-07-28,17000000,32273161,102
953,Madagascar,Madagascar,2005-05-25,75000000,542064525,86
2897,Around the World in 80 Days,Around the World in 80 Days,1956-10-17,6000000,42000000,182
129,Spirited Away,千と千尋の神隠し,2001-07-20,19000000,274925095,125
1374686,Light of the World,Light of the World,2025-09-04,20000000,2595702,84
2756,The Abyss,The Abyss,1989-08-09,43000000,90000098,140
1234591,My Favourite Cake,کیک محبوب من,2024-07-11,0,0,97
1135855,Kelas Bintang - Mangga Muda,Kelas Bintang - Mangga Muda,2023-05-10,0,0,42
603692,John Wick: Chapter 4,John Wick: Chapter 4,2023-03-22,100000000,440157245,170
1114967,Good Fortune,Good Fortune,2025-10-14,30000000,25748966,97
19782,Mama Jack,Mama Jack,2005-01-01,0,0,100
1452176,Abraham's Boys: A Dracula Story,Abraham's Boys: A Dracula Story,2025-07-11,0,0,89
154699,Da Thadiya,ടാ തടിയാ,2012-12-21,0,740000,114
481266,Being Awake,Vigilia,2017-02-16,0,0,105
858485,Kantara,ಕಾಂತಾರ,2022-09-30,1960000,60447800,147
87017,Leo's Room,El cuarto de Leo,2010-01-20,0,0,95
1138194,Heretic,Heretic,2024-10-31,10000000,51913394,111
1124566,Sentimental Value,Affeksjonsverdi,2025-08-20,7800000,6757440,135
1159311,My Hero Academia: You're Next,僕のヒーローアカデミア THE MOVIE ユアネクスト,2024-08-02,0,32224616,110
475961,Curvature,Curvature,2017-10-08,0,0,90
103,Taxi Driver,Taxi Driver,1976-02-09,1900000,28579636,114
387824,Mom's Friend,엄마친구,2015-08-20,0,0,91
1328913,Padre no hay más que uno 5: Nido repleto,Padre no hay más que uno 5: Nido repleto,2025-06-26,0,0,100
346910,The Predator,The Predator,2018-09-05,88000000,160542134,107
121734,"Tad, the Lost Explorer",Las aventuras de Tadeo Jones,2012-08-10,10500000,23000000,90
12400,Redbelt,Redbelt,2008-04-07,7000000,0,99
8681,Taken,Taken,2008-02-18,25000000,226830568,94
22,Pirates of the Caribbean: The Curse of the Black Pearl,Pirates of the Caribbean: The Curse of the Black Pearl,2003-07-09,140000000,655011224,143
660719,Our Men,Mon légionnaire,2021-10-06,0,0,106
585,"Monsters, Inc.","Monsters, Inc.",2001-11-01,115000000,579700000,92
718930,Bullet Train,Bullet Train,2022-08-03,90000000,239300000,126
776523,Homeroom,Homeroom,2021-01-29,0,0,90
272,Batman Begins,Batman Begins,2005-06-10,150000000,374218673,140
49051,The Hobbit: An Unexpected Journey,The Hobbit: An Unexpected Journey,2012-12-12,250000000,1021103568,169
38757,Tangled,Tangled,2010-11-24,260000000,592461732,100
10719,Elf,Elf,2003-11-07,32000000,228500000,97
408567,Deadly Pickup,Deadly Pickup,2016-07-26,0,0,81
1006763,The Abandoned,查無此心,2023-09-08,0,0,104
857,Saving Private Ryan,Saving Private Ryan,1998-07-24,70000000,481840909,169
726208,Don't Listen,Voces,2020-07-24,0,443458,98
111,Scarface,Scarface,1983-12-09,25000000,66023329,170
39254,Real Steel,Real Steel,2011-09-28,110000000,299300000,127
1076555,The Stolen Painting,Le Tableau volé,2024-05-01,0,0,91
601,E.T. the Extra-Terrestrial,E.T. the Extra-Terrestrial,1982-06-11,10500000,797307407,115
101,Léon: The Professional,Léon,1994-09-14,16000000,45284974,111
105,Back to the Future,Back to the Future,1985-07-03,19000000,381109762,116
205596,The Imitation Game,The Imitation Game,2014-11-14,14000000,233555708,113
653346,Kingdom of the Planet of the Apes,Kingdom of the Planet of the Apes,2024-05-08,160000000,397378150,145
1272166,Ballad of a Small Player,Ballad of a Small Player,2025-10-15,0,0,101
16869,Inglourious Basterds,Inglourious Basterds,2009-08-02,70000000,321457747,153
238675,Love Is in the Green Wind,恋は緑の風の中,1974-11-23,0,0,93
1362315,The Hand That Rocks the Cradle,The Hand That Rocks the Cradle,2025-10-16,0,0,105
231700,The Teckman Mystery,The Teckman Mystery,1954-10-27,0,0,90
1364608,Anemone,Anemone,2025-10-02,11000000,1161830,125
1151334,Eenie Meanie,Eenie Meanie,2025-08-21,50000000,0,106
152760,The Monuments Men,The Monuments Men,2014-01-24,70000000,154984035,118
336061,Bent Time,Bent Time,1983-04-16,0,0,22
630,The Wizard of Oz,The Wizard of Oz,1939-08-15,2777000,33754967,102
1466120,Dead Again,데드 어게인,2025-05-08,0,0,74
38093,Just Wright,Just Wright,2010-05-14,0,21520719,100
640,Catch Me If You Can,Catch Me If You Can,2002-12-16,52000000,352114312,141
467905,How to Make a Killing,How to Make a Killing,2026-02-20,0,0,90
218,The Terminator,The Terminator,1984-10-26,6400000,78371200,108
1294203,My Fault: London,My Fault: London,2025-02-12,0,0,118
200356,Descent,Descent,2005-05-20,0,0,87
8587,The Lion King,The Lion King,1994-06-15,45000000,763455561,89
1040587,I Woke Up With a Dream,Desperté con un sueño,2022-10-27,0,0,75
152601,Her,Her,2013-12-18,23000000,47351251,126
1012582,Bury Me When I'm Dead,Bury Me When I'm Dead,2025-07-14,0,0,90
605928,The Power of the Present,The Power of the Present,2017-06-27,0,0,140
494950,Rajma Chawal,Rajma Chawal,2018-10-13,0,0,129
97904,The Mad Bomber,The Mad Bomber,1973-04-01,0,0,91
1361854,The Delights of the Garden,Las delicias del jardín,2025-09-19,0,0,94
11324,Shutter Island,Shutter Island,2010-02-14,80000000,294804195,138
436969,The Suicide Squad,The Suicide Squad,2021-07-28,185000000,168717425,132
18785,The Hangover,The Hangover,2009-06-02,35000000,469310836,100
68718,Django Unchained,Django Unchained,2012-12-25,100000000,425368238,165
12153,White Chicks,White Chicks,2004-06-23,37000000,113100000,109
37165,The Truman Show,The Truman Show,1998-06-04,60000000,264118712,103
1108336,Wild Diamond,Diamant brut,2024-10-09,0,0,103
16288,Creepshow 2,Creepshow 2,1987-05-01,3500000,14000000,89
13644,All I Want For Christmas,All I Want For Christmas,1991-11-08,0,14812144,92
68721,Iron Man 3,Iron Man 3,2013-04-18,200000000,1215577205,130
748783,The Garfield Movie,The Garfield Movie,2024-04-30,60000000,254907482,101
788,Mrs. Doubtfire,Mrs. Doubtfire,1993-11-24,25000000,441286195,125
546554,Knives Out,Knives Out,2019-11-27,40000000,312897920,131
467391,Severina,Severina,2017-08-21,0,0,103
1232449,Young Hearts,Young Hearts,2024-10-26,0,129692,99
17979,A Christmas Carol,A Christmas Carol,2009-11-04,200000000,325286646,96
315635,Spider-Man: Homecoming,Spider-Man: Homecoming,2017-07-05,175000000,880166924,133
635302,Demon Slayer -Kimetsu no Yaiba- The Movie: Mugen Train,劇場版「鬼滅の刃」無限列車編,2020-10-16,15700000,523542183,117
1011985,Kung Fu Panda 4,Kung Fu Panda 4,2024-03-02,80000000,548040835,94
12155,Alice in Wonderland,Alice in Wonderland,2010-03-03,200000000,1025467110,108
397228,Four Hours of Terror,高度7000米　恐怖の四時間,1959-09-30,0,0,76
1497036,Dr. Seuss's The Sneetches,Dr. Seuss's The Sneetches,2025-11-03,0,0,45
605722,Long Distance,Long Distance,2024-07-12,0,0,87
1252309,Ask Me What You Want,Pídeme lo que quieras,2024-11-29,0,2265661,114
38055,Megamind,Megamind,2010-10-28,130000000,321885765,96
475557,Joker,Joker,2019-10-01,55000000,1078958629,122
507086,Jurassic World Dominion,Jurassic World Dominion,2022-06-01,583900000,1004004592,147
1260649,Jumanji 3,Jumanji 3,2026-12-09,0,0,0
1202863,From Darkness,Ur mörkret,2024-03-22,0,0,95
49521,Man of Steel,Man of Steel,2013-06-12,225000000,668045518,143
817959,Lovely Boy,Lovely Boy,2021-09-10,0,0,105
18424,Cloud 9,Cloud 9,2006-01-01,0,0,93
348,Alien,Alien,1979-05-25,11000000,104931801,117
1033148,Die My Love,Die My Love,2025-10-06,20000000,7421995,119
1414312,The Stringer: The Man Who Took the Photo,The Stringer: The Man Who Took the Photo,2025-01-25,0,0,100
177572,Big Hero 6,Big Hero 6,2014-10-24,165000000,657870525,102
18240,The Proposal,The Proposal,2009-06-02,40000000,317400000,108
1380998,The Book,The Book,2024-11-08,0,0,0
9502,Kung Fu Panda,Kung Fu Panda,2008-06-04,130000000,632091832,90
612007,The Three Superboys Strike Again,Üç Kağıtçılar,1976-01-01,0,0,91
1028248,As Good as Dead,As Good as Dead,2022-12-16,0,0,88
1396965,Detective Conan: One-Eyed Flashback,名探偵コナン 隻眼の残像（フラッシュバック）,2025-04-18,0,153493995,109
1418817,Kamen Rider Gavv: Invaders of the Candy House,仮面ライダーガヴ お菓子の家の侵略者,2025-07-25,0,0,60
1726,Iron Man,Iron Man,2008-04-30,140000000,585174222,126
46853,Playing with Love,Maladolescenza,1977-05-17,0,0,94
593643,The Menu,The Menu,2022-11-17,35000000,79628200,107
138843,The Conjuring,The Conjuring,2013-07-18,13000000,321293998,112
372921,Mutual Relations,공즉시색,2015-12-01,0,0,90
4935,Howl's Moving Castle,ハウルの動く城,2004-09-09,24000000,236049757,119
77,Memento,Memento,2000-10-11,9000000,40047236,113
509,Notting Hill,Notting Hill,1999-05-21,42000000,363889678,124
1455575,Behind the Curtain: Stranger Things: The First Shadow,Behind the Curtain: Stranger Things: The First Shadow,2025-04-14,0,0,85
169,Predator 2,Predator 2,1990-11-21,35000000,57120318,108
1259102,Eternity,Eternity,2025-11-26,0,1450535,114
945961,Alien: Romulus,Alien: Romulus,2024-08-13,80000000,350865342,119
22373,Saturn in Opposition,Saturno contro,2007-02-23,5500000,11203911,110
73723,The Lorax,The Lorax,2012-03-01,70000000,349305397,86
280,Terminator 2: Judgment Day,Terminator 2: Judgment Day,1991-07-03,102000000,520000000,137
315162,Puss in Boots: The Last Wish,Puss in Boots: The Last Wish,2022-12-07,90000000,484700000,103
1865,Pirates of the Caribbean: On Stranger Tides,Pirates of the Caribbean: On Stranger Tides,2011-05-15,379000000,1046721266,136
1158915,Dìdi (弟弟),Dìdi (弟弟),2024-07-26,0,5067608,94
9902,Wrong Turn,Wrong Turn,2003-05-30,12600000,28650575,84
396535,Train to Busan,부산행,2016-07-20,8500000,87547518,118
49013,Cars 2,Cars 2,2011-06-11,200000000,559852396,106
807,Se7en,Se7en,1995-09-22,33000000,327311859,127
89535,Night Visitor,Night Visitor,1989-05-12,0,0,93
59940,Zebra Lounge,Zebra Lounge,2001-10-04,0,0,93
10193,Toy Story 3,Toy Story 3,2010-06-16,200000000,1067316101,102
68737,Seventh Son,Seventh Son,2014-12-12,95000000,114178613,102
760104,X,X,2022-03-17,1000000,15113105,106
696506,Mickey 17,Mickey 17,2025-02-28,118000000,131847147,137
1571470,The Rats: A Witcher Tale,The Rats: A Witcher Tale,2025-10-29,0,0,83
578,Jaws,Jaws,1975-06-20,7000000,470653000,124
987400,Aztec Batman: Clash of Empires,Batman Azteca: Choque de imperios,2025-09-18,0,0,90
122917,The Hobbit: The Battle of the Five Armies,The Hobbit: The Battle of the Five Armies,2014-12-10,250000000,956019788,144
21778,RRRrrrr!!!,RRRrrrr!!!,2004-01-28,17820000,14054361,94
244786,Whiplash,Whiplash,2014-10-10,3300000,50307484,107
447273,Snow White,Snow White,2025-03-19,270000000,205679463,109
73861,A Serbian Film,Srpski film,2010-01-06,0,0,104
12208,Casino Royale,Casino Royale,1967-04-13,12000000,41744718,131
1034541,Terrifier 3,Terrifier 3,2024-10-09,2000000,90322103,125
1135429,Nanoshark,Nanoshark,2024-03-05,6000,0,68
260346,Taken 3,Taken 3,2014-12-16,48000000,325800000,109
28178,Hachi: A Dog's Tale,Hachi: A Dog's Tale,2009-06-08,16000000,46800000,93
1136867,Materialists,Materialists,2025-06-12,20000000,97700000,116
250546,Annabelle,Annabelle,2014-10-01,6500000,257589952,99
562,Die Hard,Die Hard,1988-07-15,28000000,140767956,132
11688,The Emperor's New Groove,The Emperor's New Groove,2000-12-15,100000000,169327687,78
489,Good Will Hunting,Good Will Hunting,1997-12-05,10000000,225900000,127
564,The Mummy,The Mummy,1999-04-16,80000000,415885488,124
557,Spider-Man,Spider-Man,2002-05-01,139000000,821708551,121
753251,The Trey o' Hearts,The Trey o' Hearts,1914-08-04,0,0,310
1251717,Vicious,Vicious,2025-09-19,0,0,98
324857,Spider-Man: Into the Spider-Verse,Spider-Man: Into the Spider-Verse,2018-12-06,90000000,393602435,117
1043905,Dirty Angels,Dirty Angels,2024-12-11,35954590,0,104
1368166,The Housemaid,The Housemaid,2025-12-19,0,0,131
297762,Wonder Woman,Wonder Woman,2017-05-30,149000000,823970682,141
1087891,The Amateur,The Amateur,2025-04-09,60000000,95956038,123
1252428,Anaconda,狂蟒之灾,2024-03-01,0,0,84
480434,Dreamland,Dreamland,2019-11-27,0,0,98
254,King Kong,King Kong,2005-12-12,207000000,562363449,188
10195,Thor,Thor,2011-04-21,150000000,449326618,115
858024,Hamnet,Hamnet,2025-11-26,0,0,126
1124619,Bride Hard,Bride Hard,2025-06-19,20000000,0,105
512198,Dead Bride,Dead Bride,2025-01-09,0,0,83
769,GoodFellas,GoodFellas,1990-09-12,25000000,47072327,145
150540,Inside Out,Inside Out,2015-06-17,175000000,857611174,95
545611,Everything Everywhere All at Once,Everything Everywhere All at Once,2022-03-24,25000000,139200000,140
85669,The Keeper,The Keeper,1976-01-01,0,0,88
348893,Boyka: Undisputed IV,Boyka: Undisputed IV,2016-08-01,0,413334,87
1340828,A Little Women's Christmas,A Little Women's Christmas,2024-11-23,0,0,83
10191,How to Train Your Dragon,How to Train Your Dragon,2010-03-18,165000000,495141736,98
1326106,Kaiju No. 8: Mission Recon,アニメ『怪獣８号』第１期総集編／同時上映「保科の休日」,2025-03-28,0,0,110
1169210,The Mannequin,The Mannequin,2025-08-24,0,0,85
376228,Audrie & Daisy,Audrie & Daisy,2016-09-23,0,0,95
8966,Twilight,Twilight,2008-11-20,37000000,393616788,122
447365,Guardians of the Galaxy Vol. 3,Guardians of the Galaxy Vol. 3,2023-05-03,250000000,845550000,150
114104,The Bobo,The Bobo,1967-03-31,0,0,105
102382,The Amazing Spider-Man 2,The Amazing Spider-Man 2,2014-04-16,200000000,708962323,141
11036,The Notebook,The Notebook,2004-06-25,29000000,115600000,123
197,Braveheart,Braveheart,1995-05-24,72000000,213216216,178
118,Charlie and the Chocolate Factory,Charlie and the Chocolate Factory,2005-07-13,150000000,475000000,115
87068,Love Thy Neighbour,Love Thy Neighbour,1973-08-26,0,0,85
1244039,Butchers Book Two: Raghorn,Butchers Book Two: Raghorn,2024-02-29,0,0,88
1468057,GATAO: Big Brothers,角頭－鬥陣欸,2025-08-21,0,0,0
297802,Aquaman,Aquaman,2018-12-07,160000000,1152028393,143
676156,The Warrant,The Warrant,2020-02-06,0,0,90
520318,Fatima,Fatima,2020-08-13,0,0,113
10681,WALL·E,WALL·E,2008-06-22,180000000,521311860,98
1124620,The Monkey,The Monkey,2025-02-14,10000000,68871071,97
1042834,Eden,Eden,2025-04-03,50000000,1907486,129
656908,Ramayana: Part One,रामायण,2026-11-06,230000000,0,0
1451296,One X Two,Uno equis dos,2025-08-08,0,0,87
4951,10 Things I Hate About You,10 Things I Hate About You,1999-03-30,16000000,53478166,97
41201,The Illusionist,L'Illusionniste,2010-06-16,18000000,6007194,80
866398,The Beekeeper,The Beekeeper,2024-01-08,35000000,152720535,106
429617,Spider-Man: Far From Home,Spider-Man: Far From Home,2019-06-28,160000000,1131927996,129
542178,"The French Dispatch of the Liberty, Kansas Evening Sun","The French Dispatch of the Liberty, Kansas Evening Sun",2021-10-21,25000000,46333545,108
928864,Aunt Virginia,Tia Virgínia,2023-11-09,0,0,97
43599,Employees' Entrance,Employees' Entrance,1933-02-11,0,0,75
1155281,Creation of the Gods II: Demon Force,封神第二部：战火西岐,2025-01-29,120000000,172619925,145
321612,Beauty and the Beast,Beauty and the Beast,2017-03-16,160000000,1266115964,129
9479,The Nightmare Before Christmas,The Nightmare Before Christmas,1993-10-09,18000000,75634409,76
168816,A Sweet Woman,Сладкая женщина,1976-06-06,0,0,104
46195,Rio,Rio,2011-04-03,90000000,483866772,96
1064028,Subservience,Subservience,2024-08-15,4400000,262793,105
1005331,Carry-On,Carry-On,2024-12-05,47000000,0,120
1142921,Tere Ishk Mein,तेरे इश्क़ में,2025-11-28,9505286,0,167
153104,Wicked Minds,Wicked Minds,2003-03-01,0,0,93
1357633,Solo Leveling -ReAwakening-,俺だけレベルアップな件 -ReAwakening-,2024-11-26,0,6331827,116
1034947,Street Flow 2,Banlieusards 2,2023-09-27,0,0,98
260514,Cars 3,Cars 3,2017-06-15,175000000,383925276,102
1373276,They Were Witches,Eran brujas,2025-09-08,20000,0,100
239563,St. Vincent,St. Vincent,2014-10-09,13000000,54837234,102
1471345,Homo Argentum,Homo Argentum,2025-08-14,0,16870,98
1548092,The Follies,Las Locuras,2025-11-13,0,0,121
556002,The Portrait,Das Bildnis,1923-10-02,0,0,115
1417,Pan's Labyrinth,El laberinto del fauno,2006-10-11,19000000,83258226,118
11,Star Wars,Star Wars,1977-05-25,11000000,775398007,121
1053008,Fight Another Day,Fight Another Day,2024-10-09,0,0,108
1140535,Presence,Presence,2025-01-17,2000000,10498407,84
364051,The Innocents,Les Innocentes,2016-02-10,0,1063893,115
27522,Waxworks,Das Wachsfigurenkabinett,1924-11-13,0,0,83
755679,Fast X: Part 2,Fast X: Part 2,,0,0,0
1241436,Warfare,Warfare,2025-04-09,20000000,33649631,95
13448,Angels & Demons,Angels & Demons,2009-04-20,150000000,485930816,139
210577,Gone Girl,Gone Girl,2014-10-01,61000000,370890259,149
870360,The Day the Earth Blew Up: A Looney Tunes Movie,The Day the Earth Blew Up: A Looney Tunes Movie,2024-08-01,15000000,15076954,91
259904,Sacred,Keramat,2009-09-03,0,0,89
1246,Rocky Balboa,Rocky Balboa,2006-12-20,24000000,155929020,102
1205515,"Sorry, Baby","Sorry, Baby",2025-06-27,1500000,2279895,103
789526,Oh Boy! What's Wrong With You?!,Oh Boy ! What's Wrong With You ?!,2021-01-23,0,0,8
926393,The Equalizer 3,The Equalizer 3,2023-08-30,70000000,191067560,109
257344,Pixels,Pixels,2015-07-16,88000000,244874809,106
1549517,Balahibong Pusa,Balahibong Pusa,2025-11-28,0,0,0
1337411,Obsesyon,Obsesyon,2025-07-04,0,0,102
1323409,Dracula,Dracula,2025-10-15,2000000,25775,170
9072,Little Man,Little Man,2006-08-31,64000000,101600000,98
1028556,Haul Out the Holly,Haul Out the Holly,2022-11-26,0,0,84
80880,Aarya,ఆర్య,2004-05-07,0,0,151
559,Spider-Man 3,Spider-Man 3,2007-05-01,258000000,894983373,139
873967,The Devil’s Trap,The Devil’s Trap,2024-11-01,0,0,90
140605,Certain Fury,Certain Fury,1985-03-01,0,1400000,87
927254,The Twits,The Twits,2025-10-17,0,0,99
33633,Oleanna,Oleanna,1994-11-04,0,124693,87
549509,The Brutalist,The Brutalist,2024-12-20,9600000,50145227,201
408866,RE:BORN,RE:BORN,2016-09-24,0,0,101
10198,The Princess and the Frog,The Princess and the Frog,2009-12-08,105000000,270997378,98
1114743,The Curse of the Clown Motel,The Curse of the Clown Motel,2023-12-07,3000000,0,84
296096,Me Before You,Me Before You,2016-06-01,20000000,207945075,110
1116490,Cash Out,Cash Out,2024-04-26,0,0,90
64690,Drive,Drive,2011-09-15,15000000,78100000,100
111983,Live Wire: Human Timebomb,Human Timebomb,1996-02-27,0,0,98
454615,Black Water,Black Water,2018-05-18,4000000,0,105
508943,Luca,Luca,2021-06-17,200000000,51074773,95
1308821,First Taste,Unang Tikim,2024-08-07,0,0,99
1307078,My Oxford Year,My Oxford Year,2025-07-31,0,0,113
10663,The Waterboy,The Waterboy,1998-11-06,23000000,185991646,90
10020,Beauty and the Beast,Beauty and the Beast,1991-10-22,25000000,424967620,84
72105,Ted,Ted,2012-06-29,50000000,549368315,107
1185528,Legends of the Condor Heroes: The Gallants,射雕英雄传：侠之大者,2025-01-29,0,81550000,147
1191666,The Rookie Guide,Le Routard,2025-04-02,0,0,85
792307,Poor Things,Poor Things,2023-12-07,35000000,117607117,141
373571,Godzilla: King of the Monsters,Godzilla: King of the Monsters,2019-05-29,170000000,387300138,132
1196660,Haslers,Haslers,2023-12-08,0,0,108
1249289,Alarum,Alarum,2025-01-16,20000000,0,95
9982,Chicken Little,Chicken Little,2005-11-04,150000000,314400000,81
1426776,STRAW,STRAW,2025-06-05,0,0,105
57158,The Hobbit: The Desolation of Smaug,The Hobbit: The Desolation of Smaug,2013-12-11,250000000,958400000,161
380,Rain Man,Rain Man,1988-12-12,25000000,354825435,134
1101401,Sugar Baby,Sugar Baby,2024-10-15,0,0,88
694,The Shining,The Shining,1980-05-23,19000000,44781695,144
1290879,The Woman in Cabin 10,The Woman in Cabin 10,2025-10-09,0,0,95
392860,Venus in Furs,Venus in Furs,1966-12-15,0,0,16
854,The Mask,The Mask,1994-07-29,23000000,351583407,101
997265,Rule 34,Regra 34,2023-01-19,0,0,101
1100782,Smile 2,Smile 2,2024-10-16,28000000,138128854,127
648878,Eddington,Eddington,2025-07-16,25000000,13570360,148
105825,Erotic Ghost Story III,聊齋三集之燈草和尚,1992-03-05,0,1201428,94
49026,The Dark Knight Rises,The Dark Knight Rises,2012-07-17,250000000,1081041287,165
615665,Holidate,Holidate,2020-10-27,0,0,104
34862,Solar Attack,Solar Strike,2006-05-25,0,0,91
262775,Lovely Man,Lovely Man,2011-09-30,0,0,72
333339,Ready Player One,Ready Player One,2018-03-28,175000000,607274134,140
228150,Fury,Fury,2014-10-15,68000000,211817906,135
227483,Blue Movie,Blue Movie,1971-07-16,0,0,88
332562,A Star Is Born,A Star Is Born,2018-10-03,36000000,436388866,136
324544,In the Lost Lands,In the Lost Lands,2025-02-27,55000000,4755330,102
270946,Penguins of Madagascar,Penguins of Madagascar,2014-11-22,132000000,373515621,92
253477,Torture Chamber,Torture Chamber,2013-10-10,200000,0,90
976573,Elemental,Elemental,2023-06-14,200000000,496444308,102
500487,Matria,Matria,2017-10-24,0,0,21
592350,My Hero Academia: Heroes Rising,僕のヒーローアカデミア THE MOVIE ヒーローズ：ライジング,2019-12-20,0,30017163,104
98566,Teenage Mutant Ninja Turtles,Teenage Mutant Ninja Turtles,2014-08-07,125000000,485004754,101
623511,The Burning Sea,Nordsjøen,2021-10-29,8300000,2836382,104
863,Toy Story 2,Toy Story 2,1999-10-30,90000000,497375381,92
656150,Responsible Child,Responsible Child,2019-12-16,0,0,87
920708,Vāranāsi,వారణాసి,,136250000,0,0
800090,The Exiles,Los Tortuga,2025-05-23,0,0,110
11528,The Sandlot,The Sandlot,1993-04-07,7000000,34348444,101
335984,Blade Runner 2049,Blade Runner 2049,2017-10-04,150000000,259239658,164
307081,Southpaw,Southpaw,2015-03-24,30000000,91709827,123
490308,Los malvados,Los malvados,1966-10-12,0,0,90
453395,Doctor Strange in the Multiverse of Madness,Doctor Strange in the Multiverse of Madness,2022-05-04,290000000,955775804,126
271110,Captain America: Civil War,Captain America: Civil War,2016-04-27,250000000,1155046416,147
736184,Lou Reed - Ancienne Belgique 22-05-1974,Lou Reed - Ancienne Belgique 22-05-1974,1974-05-22,0,0,30
56362,Loups=Garous,ルー=ガルー 忌避すべき狼,2010-08-28,0,0,99
12133,Step Brothers,Step Brothers,2008-07-25,65000000,128100000,98
162,Edward Scissorhands,Edward Scissorhands,1990-12-07,20000000,86024005,105
656483,Cocoon,Kokon,2020-08-13,0,0,99
81188,Rise of the Guardians,Rise of the Guardians,2012-11-21,145000000,306941670,97
9529,Candyman,Candyman,1992-10-16,6000000,25792310,100
1734,The Mummy Returns,The Mummy Returns,2001-05-04,98000000,443280904,130
633880,Screen Test [ST263]: Lou Reed,Screen Test [ST263]: Lou Reed,1966-10-05,0,0,4
646097,Rebel Ridge,Rebel Ridge,2024-08-27,0,0,132
242,The Godfather Part III,The Godfather Part III,1990-12-25,54000000,136766062,162
498162,Before the Frost,Før frosten,2019-01-10,0,0,104
1391153,The Book of Sijjin & Illiyyin,Kitab Sijjin & Illiyyin,2025-07-17,0,0,98
181533,Night at the Museum: Secret of the Tomb,Night at the Museum: Secret of the Tomb,2014-12-17,127000000,363204635,98
922544,Lou Reed: Live in Barcelona,Lou Reed: Live in Barcelona,1984-12-10,0,0,100
791478,Zeitkratzer And Lou Reed: Metal Machine Music,Zeitkratzer And Lou Reed: Metal Machine Music,2007-09-04,0,0,50
62029,Bingo Bongo,Bingo Bongo,1982-12-23,0,0,102
8077,Alien³,Alien³,1992-05-22,50000000,159773545,114
324552,John Wick: Chapter 2,John Wick: Chapter 2,2017-02-08,40000000,171539887,122
1549292,LEGO Frozen: Operation Puffins,LEGO Frozen: Operation Puffins,2025-10-23,0,0,18
9016,Treasure Planet,Treasure Planet,2002-11-26,140000000,109578115,96
1407861,The Bayou,The Bayou,2025-01-31,0,0,87
409912,Occupy Wall Street: We Are The 99%,Occupy Wall Street: We Are The 99%,2015-01-01,0,0,63
2251,Unfaithful,Unfaithful,2002-05-10,50000000,119137784,124
979,Irreversible,Irréversible,2002-05-22,3500000,6500000,94
335977,Indiana Jones and the Dial of Destiny,Indiana Jones and the Dial of Destiny,2023-06-25,294700000,383963057,155
26198,The Keep,The Keep,1983-12-16,6000000,3661757,96
2649,The Game,The Game,1997-09-12,50000000,109423648,129
114833,Lou Reed Live at Montreux 2000,Lou Reed Live at Montreux 2000,2005-10-31,0,0,122
1158957,How the Ladies Pay (Lou Reed),How the Ladies Pay (Lou Reed),1977-08-01,0,0,7
140785,Fairy in a Cage,檻の中の妖精,1977-06-04,0,0,70
1241752,Rita,Rita,2024-03-22,0,0,113
1356039,Counterattack,Contraataque,2025-02-27,0,0,85
675353,Sonic the Hedgehog 2,Sonic the Hedgehog 2,2022-03-30,110000000,405421518,123
427048,Young Casanova,Sexuellement vôtre,1974-11-20,0,0,86
293450,Flow,Ækte vare,2014-05-08,0,0,89
900786,Los Angeles,Los Angeles,2021-11-20,100000,0,82
92323,Willie & Phil,Willie & Phil,1980-08-15,5500000,4400000,115
154400,The Drop,The Drop,2014-09-12,12600000,19054534,106
29833,Brain Dead,Brain Dead,2007-10-17,0,0,95
119450,Dawn of the Planet of the Apes,Dawn of the Planet of the Apes,2014-07-08,170000000,710644566,130
10022,The Pacifier,The Pacifier,2005-03-04,56000000,198636868,95
114,Pretty Woman,Pretty Woman,1990-03-23,14000000,463406268,120
9387,Conan the Barbarian,Conan the Barbarian,1982-03-16,20000000,73951475,130
9753,Three,Three,2005-11-16,9000000,0,95
70196,The Veteran,The Veteran,2011-04-29,0,0,98
893723,PAW Patrol: The Mighty Movie,PAW Patrol: The Mighty Movie,2023-09-21,30000000,202231360,88
73835,The Paramedic,Il Paramedico,1982-02-07,0,0,110
9714,Home Alone 3,Home Alone 3,1997-12-12,32000000,79082515,102
8316,The Countess,The Countess,2009-03-13,8500000,784522,100
2024,The Patriot,The Patriot,2000-06-28,110000000,215294342,165
672322,Rurouni Kenshin: The Beginning,るろうに剣心 最終章 The Beginning,2021-06-04,0,0,138
843527,The Idea of You,The Idea of You,2024-05-02,0,36178,116
76,Before Sunrise,Before Sunrise,1995-01-27,2500000,5987386,101
1181540,Guns Up,Guns Up,2025-05-15,0,198534,92
512200,Jumanji: The Next Level,Jumanji: The Next Level,2019-12-04,125000000,801693929,123
292610,Ladies' Doctor,Il ginecologo della mutua,1977-09-13,0,0,77
603723,Clowning Around 2,Clowning Around 2,1993-08-01,0,0,0
753342,Napoleon,Napoleon,2023-11-22,165000000,220597098,158
358369,The Making of an Underground Film,The Making of an Underground Film,1965-09-06,0,0,7
61930,Bagnomaria,Bagnomaria,1999-02-12,0,0,86
5144,Marquise,Marquise,1997-08-20,0,0,111
1367575,A Line of Fire,A Line of Fire,2025-04-05,0,0,86
36971,Whisky,Whisky,2004-08-06,0,0,99
77338,The Intouchables,Intouchables,2011-11-02,13000000,426590315,113
713704,Evil Dead Rise,Evil Dead Rise,2023-04-12,15000000,147156372,96
9671,Crocodile Dundee,Crocodile Dundee,1986-09-26,5000000,328203506,97
616,The Last Samurai,The Last Samurai,2003-12-05,140000000,456800000,154
1245993,Caught Stealing,Caught Stealing,2025-08-26,40000000,31101846,107
283995,Guardians of the Galaxy Vol. 2,Guardians of the Galaxy Vol. 2,2017-04-19,200000000,863756051,137
833209,Screen Test [ST264]: Lou Reed,Screen Test [ST264]: Lou Reed,1966-01-01,0,0,3
350,The Devil Wears Prada,The Devil Wears Prada,2006-06-29,35000000,326706115,109
873146,Rock 'n' Roll Man - Lou Reed in concerto 1980,Rock 'n' Roll Man - Lou Reed in concerto 1980,1980-06-14,0,0,0
12,Finding Nemo,Finding Nemo,2003-05-30,94000000,940335536,100
447277,The Little Mermaid,The Little Mermaid,2023-05-18,297000000,569626289,135
629542,The Bad Guys,The Bad Guys,2022-03-17,80000000,250162278,100
173736,The Cave of the Golden Rose 4,Fantaghirò 4,1994-12-19,0,0,200
50620,The Twilight Saga: Breaking Dawn - Part 2,The Twilight Saga: Breaking Dawn - Part 2,2012-11-13,120000000,829747654,115
30484,Warrior Queen,Warrior Queen,1987-01-26,0,0,79
588228,The Tomorrow War,The Tomorrow War,2021-09-03,200000000,14400000,138
50619,The Twilight Saga: Breaking Dawn - Part 1,The Twilight Saga: Breaking Dawn - Part 1,2011-11-16,110000000,712171856,117
231015,Lou Reed - Coney Island Baby Live in Jersey,Lou Reed - Coney Island Baby Live in Jersey,1992-07-14,0,0,137
2105,American Pie,American Pie,1999-07-09,11000000,235483004,95
737779,Chateau Christmas,Chateau Christmas,2020-10-25,0,0,84
398818,Call Me by Your Name,Call Me by Your Name,2017-07-28,3500000,43143046,132
804327,The Velvet Underground: Loaded,The Velvet Underground: Loaded,1970-01-01,0,0,44
1372028,Christmas in the Spotlight,Christmas in the Spotlight,2024-11-23,0,0,90
809,Shrek 2,Shrek 2,2004-05-19,150000000,935454538,92
1339658,"Oh, Hi!","Oh, Hi!",2025-07-25,0,2086515,95
491094,The Portrait,Ang Larawan,2017-12-25,493500,0,120
940551,Migration,Migration,2023-12-06,72000000,298776052,83
146768,The Americano,The Americano,1955-01-19,0,0,85
298618,The Flash,The Flash,2023-06-13,220000000,271333313,144
920,Cars,Cars,2006-06-08,120000000,461983149,117
192558,Aashiqui 2,आशिकी २,2013-04-26,1300000,16000000,132
4247,Scary Movie,Scary Movie,2000-07-07,19000000,278022760,88
994138,Dark Nature,Dark Nature,2023-05-19,0,0,85
810693,Jujutsu Kaisen 0,劇場版 呪術廻戦 0,2021-12-24,0,195870885,105
568124,Encanto,Encanto,2021-10-13,150000000,261292688,102
833216,Screen Test [ST270]: Lou Reed (Hershey),Screen Test [ST270]: Lou Reed (Hershey),1966-01-01,0,0,3
930094,"Red, White & Royal Blue","Red, White & Royal Blue",2023-07-27,0,0,118
868759,Ghosted,Ghosted,2023-04-18,40000000,0,117
1083433,I Know What You Did Last Summer,I Know What You Did Last Summer,2025-07-16,18000000,64763086,111
1168719,Silent Friend,Stille Freundin,2026-01-15,0,0,145
1161639,Screen Test [ST268]: Lou Reed (Apple),Screen Test [ST268]: Lou Reed (Apple),1966-01-01,0,0,4
639720,IF,IF,2024-05-08,110000000,190309707,104
99861,Avengers: Age of Ultron,Avengers: Age of Ultron,2015-04-22,235000000,1405403694,141
2280,Big,Big,1988-06-03,18000000,151927281,104
667538,Transformers: Rise of the Beasts,Transformers: Rise of the Beasts,2023-06-06,195000000,441381193,127
1495,Kingdom of Heaven,Kingdom of Heaven,2005-05-03,130000000,218366336,144
82702,How to Train Your Dragon 2,How to Train Your Dragon 2,2014-06-05,145000000,621537519,102
625248,Dead Kids,Dead Kids,2019-11-17,0,0,94
405301,"Bowie, Iggy & Lou 1971-1973: The Sacred Triangle","Bowie, Iggy & Lou 1971-1973: The Sacred Triangle",2010-10-18,0,0,107
2019,Hard Target,Hard Target,1993-04-27,18000000,74189677,97
1075794,Leo,Leo,2023-11-17,0,0,102
25061,Zombie Nation,Zombie Nation,2004-10-05,1500,0,81
2976,Hairspray,Hairspray,2007-07-19,75000000,90450008,117
833206,Screen Test [ST265]: Lou Reed (Eye),Screen Test [ST265]: Lou Reed (Eye),1966-01-01,0,0,3
10192,Shrek Forever After,Shrek Forever After,2010-05-20,165000000,752600867,93
424889,Norman Television,Norman Television,2016-12-06,0,0,4
1079091,It Ends with Us,It Ends with Us,2024-08-07,25000000,350993761,131
156135,The Challenge,La Sfida,1958-09-11,0,0,87
572802,Aquaman and the Lost Kingdom,Aquaman and the Lost Kingdom,2023-12-20,205000000,440181226,124
1930,The Amazing Spider-Man,The Amazing Spider-Man,2012-06-23,215000000,757930663,136
312221,Creed,Creed,2015-11-25,37000000,173600000,133
424,Schindler's List,Schindler's List,1993-12-15,22000000,321365567,195
4348,Pride & Prejudice,Pride & Prejudice,2005-09-16,28000000,124604345,127
127585,X-Men: Days of Future Past,X-Men: Days of Future Past,2014-05-15,250000000,746045700,132
1163258,12th Fail,12th Fail,2023-08-11,2400000,8300000,146
45243,The Hangover Part II,The Hangover Part II,2011-05-25,80000000,586764305,102
975533,The Archies,द आर्चीज़,2023-12-07,0,0,144
209112,Batman v Superman: Dawn of Justice,Batman v Superman: Dawn of Justice,2016-03-23,250000000,874362803,152
1363282,The Carman Family Deaths,The Carman Family Deaths,2025-11-18,0,0,91
757725,Shadow Force,Shadow Force,2025-05-01,40000000,5,103
859,Dangerous Liaisons,Dangerous Liaisons,1988-12-21,14000000,34670720,119
18148,Tokyo Story,東京物語,1953-11-03,0,0,137
10610,The Medallion,The Medallion,2003-08-15,38000000,34300000,88
268171,Elsa & Fred,Elsa & Fred,2014-03-07,10000000,0,97
15267,The Beast,The Beast,1988-09-14,0,0,111
214493,Isis Rising: Curse of the Lady Mummy,Isis Rising: Curse of the Lady Mummy,2013-01-17,0,0,79
109418,Grown Ups 2,Grown Ups 2,2013-07-11,80000000,247022278,101
1010755,The Strangers: Chapter 3,The Strangers: Chapter 3,2026-02-05,0,0,0
76341,Mad Max: Fury Road,Mad Max: Fury Road,2015-05-13,150000000,378858340,121
108074,Dagger Eyes,Mystère,1983-11-28,0,0,88
1328402,The People In The Walls,The People In The Walls,2024-08-01,0,0,93
1373445,V/H/S/Halloween,V/H/S/Halloween,2025-09-19,0,0,115
9637,Scooby-Doo,Scooby-Doo,2002-06-14,84000000,275650703,87
204082,Homefront,Homefront,2013-11-12,22000000,51695362,100
11469,Black Knight,Black Knight,2001-11-21,50000000,33422806,95
615173,The Witch: Part 2. The Other One,마녀(魔女) Part2. The Other One,2022-06-15,0,23068596,137
81672,Appassionata,Appassionata,1974-05-22,0,0,96
611196,Toxic Puzzle,Toxic Puzzle,2017-04-22,0,0,82
91314,Transformers: Age of Extinction,Transformers: Age of Extinction,2014-06-25,210000000,1104054072,165
1003596,Avengers: Doomsday,Avengers: Doomsday,2026-12-17,0,0,0
965979,Dada,டாடா,2023-02-10,0,0,135
602063,Rurouni Kenshin: The Final,るろうに剣心 最終章 The Final,2021-04-23,0,33457923,138
1302916,Heart Eyes,Heart Eyes,2025-02-06,18000000,33129099,97
1278950,The Ritual,The Ritual,2025-04-18,0,3195869,98
322,Mystic River,Mystic River,2003-10-08,25000000,156800000,138
666277,Past Lives,Past Lives,2023-06-02,12000000,28126646,106
3933,Corpse Bride,Corpse Bride,2005-09-12,40000000,118133252,77
840889,Stopmotion,Stopmotion,2024-02-22,0,778500,94
82507,Sinister,Sinister,2012-03-29,3000000,82515113,110
149552,The Assault,The Assault,1998-10-08,0,0,85
967,Spartacus,Spartacus,1960-10-13,12000000,60000000,197
27579,The American,The American,2010-08-31,20000000,67900000,104
1153714,Death of a Unicorn,Death of a Unicorn,2025-03-27,15000000,16413285,107
916723,What Remains,What Remains,2024-06-21,0,0,127
763215,Damsel,Damsel,2024-03-07,60000000,5000,107
451048,Jungle Cruise,Jungle Cruise,2021-07-28,200000000,220889446,127
926670,Henry Danger: The Movie,Henry Danger: The Movie,2025-01-17,0,0,86
289335,Wallander: The Brothers,Bröderna,2005-09-07,0,0,90
1352755,Maintenance Required,Maintenance Required,2025-10-07,0,0,100
29897,Lady Avenger,Lady Avenger,1988-07-01,0,0,82
1327819,Hoppers,Hoppers,2026-03-04,0,0,0
18334,Guinea Pig: Devil's Experiment,ギニーピッグ 悪魔の実験,1985-09-04,0,0,43
1031084,The Currents,Las corrientes,2026-03-11,0,0,104
44264,True Grit,True Grit,2010-12-22,38000000,252300000,110
19959,Surrogates,Surrogates,2009-09-24,80000000,122444772,89
512195,Red Notice,Red Notice,2021-11-04,160000000,178143,118
1430593,Tinsel Town,Tinsel Town,2025-11-28,0,0,94
566525,Shang-Chi and the Legend of the Ten Rings,Shang-Chi and the Legend of the Ten Rings,2021-09-01,150000000,432243292,132
426063,Nosferatu,Nosferatu,2024-12-25,50000000,181764515,133
782,Gattaca,Gattaca,1997-09-07,36000000,12532777,107
1161633,Screen Test [ST271]: Lou Reed (Hershey),Screen Test [ST271]: Lou Reed (Hershey),1966-01-01,0,0,4
949423,Pearl,Pearl,2022-09-16,1000000,10139416,102
1023922,MaXXXine,MaXXXine,2024-07-04,10000000,22057161,103
1032765,My Everything,Mon Inséparable,2024-12-25,0,324,95
257499,re:solve,决义案,2014-02-27,0,0,107
138735,Little Thirteen,Little Thirteen,2012-07-04,600000,0,95
713364,Clown in a Cornfield,Clown in a Cornfield,2025-05-08,1000000,13260361,96
919027,An Introduction to Harmolodics,An Introduction to Harmolodics,1995-12-01,0,0,11
298077,Ambition,Ambition,2014-10-24,0,0,6
587,Big Fish,Big Fish,2003-12-25,70000000,123200000,125
149,Akira,AKIRA,1988-06-10,5700000,49000000,124
666154,Kayara,Kayara,2025-01-02,8000000,0,81
13179,Tinker Bell,Tinker Bell,2008-09-11,48000000,9208064,78
74471,The Dead,The Dead,2010-08-30,0,0,105
429,"The Good, the Bad and the Ugly","Il buono, il brutto, il cattivo",1966-12-22,1200000,38900000,161
846956,Rogue Agent,Rogue Agent,2022-08-12,0,0,115
23629,Sucker Punch,Sucker Punch,2011-03-24,82000000,89792502,110
854542,The Den,La tana,2022-04-28,0,0,88
65588,Killing Birds,Killing Birds,1988-08-19,0,0,92
870028,The Accountant²,The Accountant²,2025-04-23,80000000,102123366,133
1331349,Two Pianos,Deux pianos,2025-10-15,0,0,115
10625,Mean Girls,Mean Girls,2004-04-30,17000000,130193514,96
275663,The Three Avengers,打出頭,1979-03-15,0,0,86
490031,Lou Reed - Lowest Form of Life,Lou Reed - Lowest Form of Life,2009-01-01,0,0,10
1049265,Lou Reed: Through the Years: New York 1983 - Spain 2004,Lou Reed: Through the Years: New York 1983 - Spain 2004,2008-09-04,0,0,87
774370,Dog Man,Dog Man,2025-01-24,40000000,145550471,89
2034,Training Day,Training Day,2001-10-05,45000000,104900000,122
1195631,William Tell,William Tell,2025-01-17,0,264637,133
979251,The Kangaroo Conspiracy,Die Känguru-Verschwörung,2022-08-25,0,0,101
446894,Smallfoot,Smallfoot,2018-09-20,80000000,214115531,96
386237,Screen Test: Lou Reed (Coke),Screen Test: Lou Reed,1966-01-01,0,0,5
532639,Pinocchio,Pinocchio,2022-09-07,0,0,105
72847,The Unfaithful,The Unfaithful,1947-07-01,0,0,109
645710,The Voyeurs,The Voyeurs,2021-08-25,0,0,117
334516,Käthe Kruse,Käthe Kruse,2015-04-05,0,0,90
899948,The Naulahka,The Naulahka,1918-02-14,0,0,60
510,One Flew Over the Cuckoo's Nest,One Flew Over the Cuckoo's Nest,1975-11-19,3000000,108981275,133
4638,Hot Fuzz,Hot Fuzz,2007-02-14,12000000,80600000,121
213681,Masterminds,Masterminds,2016-09-29,25000000,29200000,95
1033671,Christmas at Mistletoe Manor,Christmas at Mistletoe Manor,2025-12-07,0,0,84
157883,The Velvet Underground in Boston,The Velvet Underground in Boston,1967-02-15,0,0,33
61985,Westward Ho,Westward Ho,1935-08-19,0,0,61
9715,Hope Floats,Hope Floats,1998-05-29,30000000,81471882,114
810,Shrek the Third,Shrek the Third,2007-05-17,160000000,813367380,93
1084736,The Count of Monte Cristo,Le Comte de Monte-Cristo,2024-06-28,46000000,75360860,178
9392,The Descent,The Descent,2005-07-08,3500000,57130027,100
414906,The Batman,The Batman,2022-03-01,185000000,772319315,177
47039,The Rose King,Der Rosenkönig,1986-03-03,0,0,106
181283,Child 44,Child 44,2015-03-15,50000000,12951093,137
85,Raiders of the Lost Ark,Raiders of the Lost Ark,1981-06-12,18000000,389925971,115
16577,Astro Boy,Astro Boy,2009-10-15,10000000,19551067,94
1180831,Troll 2,Troll 2,2025-12-01,0,0,0
48468,Zenitram,Zenitram,2010-05-20,4168500,20600,103
298830,The Dorm,The Dorm,2014-10-26,0,0,80
840464,Greenland 2: Migration,Greenland 2: Migration,2026-01-07,0,0,0
392818,The Transfiguration,The Transfiguration,2016-04-14,0,22091,97
1100998,SuperKlaus,SuperKlaus,2024-11-01,0,0,88
851644,20th Century Girl,20세기 소녀,2022-10-06,119,0,119
15506,Agnes Browne,Agnes Browne,1999-11-08,0,0,92
66194,Deadtime Stories,Deadtime Stories,1986-04-13,0,2750741,93
290098,The Handmaiden,아가씨,2016-06-01,8575000,38600000,145
1074583,"Patti Smith at Anthology Film Archives Febr. 19, 1998","Patti Smith at Anthology Film Archives Febr. 19, 1998",1998-12-31,0,0,5
1288072,Keeper,Keeper,2025-11-12,6000000,4795592,99
115290,Blue Lagoon: The Awakening,Blue Lagoon: The Awakening,2012-06-16,0,0,85
160478,Divine Words,Divinas palabras,1987-09-15,0,0,107
13971,Wild Child,Wild Child,2008-08-15,20000000,22000000,98
818397,Memory,Memory,2022-04-28,30000000,13900000,114
483906,Polar,Polar,2019-01-25,0,0,118
49292,Animal Instincts,Animal Instincts,1992-10-21,0,0,96
9279,Jingle All the Way,Jingle All the Way,1996-11-21,60000000,129800000,89
1317149,I Swear,I Swear,2025-09-22,0,0,121
10954,Farinelli,Farinelli,1994-12-01,0,0,111
79698,The Lovers,The Lovers,2015-03-13,27000000,0,109
698687,Transformers One,Transformers One,2024-09-11,75000000,129408392,104
940721,Godzilla Minus One,ゴジラ-1.0,2023-11-03,15000000,113676322,124
26675,The Outing,The Outing,1987-09-11,2000000,1083395,87
613178,Shadow Wolves,Shadow Wolves,2019-07-02,0,0,95
1071215,Thanksgiving,Thanksgiving,2023-11-16,15000000,46553280,106
95549,Martin Roumagnac,Martin Roumagnac,1946-12-18,0,0,115
291151,The Stranger,The Stranger,2014-06-12,0,0,93
406759,Moonfall,Moonfall,2022-02-02,146000000,67319703,131
1149167,High Rollers,High Rollers,2025-03-14,0,0,101
39916,Contamination,Contamination,1980-08-02,0,0,95
22985,The Prowler,The Prowler,1951-05-25,0,0,93
11466,Slim Susie,Smala Sussie,2003-10-03,1725000,0,97
499930,Black Circle,Svart cirkel,2019-08-23,0,0,90
175168,Rape Zombie: Lust of the Dead,レイプゾンビ LUST OF THE DEAD,2012-07-13,0,0,73
1294698,Case 137,Dossier 137,2025-11-19,0,0,115
85589,Zero Kelvin,Kjærlighetens kjøtere,1995-09-29,2535000,0,118
1241921,A Big Bold Beautiful Journey,A Big Bold Beautiful Journey,2025-09-17,45000000,20171082,109
43749,Wolf Girl,Wolf Girl,2001-09-21,0,0,97
435615,Possessor,Possessor,2020-10-02,2500000,911000,103
27374,Lake Mungo,Lake Mungo,2009-07-30,2000000,0,87
9631,The Negotiator,The Negotiator,1998-07-29,50000000,44547681,140
11975,The Rainmaker,The Rainmaker,1997-11-18,40000000,45916769,135
484886,Singularity,Singularity,2017-11-24,0,0,92
522681,Escape Room,Escape Room,2019-01-03,9000000,155712077,99
485811,Redcon-1,Redcon-1,2018-09-07,0,0,117
319998,Sworn Virgin,Vergine giurata,2015-03-19,0,0,87
13461,Melissa P.,Melissa P.,2005-11-18,0,7450832,100
1252382,Tyler Perry's Finding Joy,Tyler Perry's Finding Joy,2025-11-05,0,0,107
517940,Euphoria,Euforia,2018-10-25,0,0,109
478502,One Last Deal,Tuntematon mestari,2019-01-04,1700000,0,95
34851,Predators,Predators,2010-07-07,40000000,127200000,107
11836,The SpongeBob SquarePants Movie,The SpongeBob SquarePants Movie,2004-11-19,30000000,141067890,87
549053,Last Christmas,Last Christmas,2019-11-07,30000000,121600000,102
401732,Delirium,Delirium,2018-01-19,1000000,0,86
49018,Insidious,Insidious,2011-03-31,1500000,100106454,102
778027,Corsicana,Corsicana,2022-08-26,0,0,102
36557,Casino Royale,Casino Royale,2006-11-14,150000000,599045960,144
491854,Foxtrot Six,Foxtrot Six,2019-02-21,4300000,1369324,114
997113,Hedda,Hedda,2025-10-22,0,8393,107
331068,Furby Island,Furby Island,2005-01-02,0,0,45
293660,Deadpool,Deadpool,2016-02-09,58000000,782837347,108
7516,Smokin' Aces,Smokin' Aces,2006-12-09,17000000,57103895,109
17654,District 9,District 9,2009-08-05,30000000,210888950,112
537971,Mia,Mia,2017-12-17,0,0,11
74,War of the Worlds,War of the Worlds,2005-06-28,132000000,603873119,117
8920,Garfield,Garfield,2004-06-10,50000000,200800000,80
1371727,Sing: Thriller,Sing: Thriller,2024-10-15,0,0,11
676839,Human Animals,Animales humanos,2020-12-12,0,0,89
269955,Obsessed,인간중독,2014-05-14,0,0,132
403100,Scared Topless,Scared Topless,2015-10-01,0,0,80
67077,The Plane Tree,Çınar Ağacı,2011-03-18,0,0,114
1262599,Dayo,Dayo,2024-04-19,0,0,112
8467,Dumb and Dumber,Dumb and Dumber,1994-12-16,16000000,247275374,107
162284,Guilty Hands,Guilty Hands,1931-08-22,0,0,69
395817,The Thicket,The Thicket,2024-09-05,0,0,105
580489,Venom: Let There Be Carnage,Venom: Let There Be Carnage,2021-09-30,110000000,506863592,97
1411,The Rapture,The Rapture,1991-10-04,3000000,1277404,100
471493,Ryde,Ryde,2017-09-15,0,0,84
464678,The Rachels,The Rachels,2017-01-15,0,0,87
11220,Fallen Angels,墮落天使,1995-09-06,0,0,98
770,Gone with the Wind,Gone with the Wind,1939-12-15,4000000,402352579,233
369892,CSI: Immortality,CSI: Immortality,2015-09-27,0,0,87
1017163,The Roundup: Punishment,범죄도시 4,2024-04-24,0,83703350,109
11536,The Misfits,The Misfits,1961-02-01,4000000,8200000,124
412117,The Secret Life of Pets 2,The Secret Life of Pets 2,2019-05-24,80000000,429434163,86
670367,Legacy,Urma,2020-03-06,0,0,105
718579,Every Woman's Longing,Die Sehnsucht jeder Frau,1930-05-17,0,0,104
